[2J[01;01H[=3h[2J[01;01H[2J[01;01H[=3h[2J[01;01H[2J[01;01H[=3h[2J[01;01HBdsDxe: loading Boot0001 "UEFI QEMU HARDDISK QM00001 " from PciRoot(0x0)/Pci(0x1F,0x2)/Sata(0x0,0xFFFF,0x0)
BdsDxe: starting Boot0001 "UEFI QEMU HARDDISK QM00001 " from PciRoot(0x0)/Pci(0x1F,0x2)/Sata(0x0,0xFFFF,0x0)
NXPERM: ENTRY host=x86_64 authored=true profile=immutable-hierarchy
NXPERM: ENTRY host=x86_64 authored=true profile=immutable-hierarchy
NXPERM: CASE id=0 granule=4096 profile=1 ap=1 parent=2 xn=0 el=1 warm=false op=1 upper=false allowed=true status=1 retired=1 fetch=1 data=0 completed=0 provider=0 reply=0 level=4294967295 context=0 esr=0x0 pass=true
NXPERM: CASE id=1 granule=4096 profile=1 ap=0 parent=0 xn=0 el=0 warm=false op=1 upper=false allowed=true status=1 retired=1 fetch=1 data=0 completed=0 provider=0 reply=0 level=4294967295 context=0 esr=0x0 pass=true
NXPERM: CASE id=2 granule=4096 profile=1 ap=0 parent=0 xn=0 el=0 warm=false op=2 upper=false allowed=false status=17 retired=0 fetch=1 data=1 completed=0 provider=0 reply=1 level=3 context=3 esr=0x9200000f pass=true
NXPERM: CASE id=3 granule=4096 profile=1 ap=0 parent=0 xn=0 el=0 warm=false op=3 upper=false allowed=false status=17 retired=0 fetch=1 data=1 completed=0 provider=0 reply=1 level=3 context=3 esr=0x9200004f pass=true
NXPERM: CASE id=4 granule=4096 profile=1 ap=0 parent=0 xn=0 el=0 warm=true op=1 upper=false allowed=true status=1 retired=1 fetch=1 data=0 completed=0 provider=0 reply=0 level=4294967295 context=0 esr=0x0 pass=true
NXPERM: CASE id=5 granule=4096 profile=1 ap=0 parent=0 xn=0 el=0 warm=true op=2 upper=false allowed=false status=17 retired=0 fetch=1 data=1 completed=0 provider=0 reply=1 level=3 context=4 esr=0x9200000f pass=true
NXPERM: CASE id=6 granule=4096 profile=1 ap=0 parent=0 xn=0 el=0 warm=true op=3 upper=false allowed=false status=17 retired=0 fetch=1 data=1 completed=0 provider=0 reply=1 level=3 context=4 esr=0x9200004f pass=true
NXPERM: CASE id=7 granule=4096 profile=1 ap=0 parent=0 xn=0 el=1 warm=false op=1 upper=true allowed=true status=1 retired=1 fetch=1 data=0 completed=0 provider=0 reply=0 level=4294967295 context=0 esr=0x0 pass=true
NXPERM: CASE id=8 granule=4096 profile=1 ap=0 parent=0 xn=0 el=1 warm=false op=2 upper=true allowed=true status=1 retired=2 fetch=2 data=1 completed=1 provider=0 reply=0 level=4294967295 context=0 esr=0x0 pass=true
NXPERM: CASE id=9 granule=4096 profile=1 ap=0 parent=0 xn=0 el=1 warm=false op=3 upper=true allowed=true status=1 retired=2 fetch=2 data=1 completed=1 provider=0 reply=0 level=4294967295 context=0 esr=0x0 pass=true
NXPERM: CASE id=10 granule=4096 profile=1 ap=0 parent=0 xn=0 el=1 warm=true op=1 upper=true allowed=true status=1 retired=1 fetch=1 data=0 completed=0 provider=0 reply=0 level=4294967295 context=0 esr=0x0 pass=true
NXPERM: CASE id=11 granule=4096 profile=1 ap=0 parent=0 xn=0 el=1 warm=true op=2 upper=true allowed=true status=1 retired=2 fetch=2 data=1 completed=1 provider=0 reply=0 level=4294967295 context=0 esr=0x0 pass=true
NXPERM: CASE id=12 granule=4096 profile=1 ap=0 parent=0 xn=0 el=1 warm=true op=3 upper=true allowed=true status=1 retired=2 fetch=2 data=1 completed=1 provider=0 reply=0 level=4294967295 context=0 esr=0x0 pass=true
NXPERM: CASE id=13 granule=4096 profile=1 ap=0 parent=1 xn=0 el=0 warm=false op=1 upper=true allowed=true status=1 retired=1 fetch=1 data=0 completed=0 provider=0 reply=0 level=4294967295 context=0 esr=0x0 pass=true
NXPERM: CASE id=14 granule=4096 profile=1 ap=0 parent=1 xn=0 el=0 warm=false op=2 upper=true allowed=false status=17 retired=0 fetch=1 data=1 completed=0 provider=0 reply=1 level=3 context=3 esr=0x9200000f pass=true
NXPERM: CASE id=15 granule=4096 profile=1 ap=0 parent=1 xn=0 el=0 warm=false op=3 upper=true allowed=false status=17 retired=0 fetch=1 data=1 completed=0 provider=0 reply=1 level=3 context=3 esr=0x9200004f pass=true
NXPERM: CASE id=16 granule=4096 profile=1 ap=0 parent=1 xn=0 el=0 warm=true op=1 upper=true allowed=true status=1 retired=1 fetch=1 data=0 completed=0 provider=0 reply=0 level=4294967295 context=0 esr=0x0 pass=true
NXPERM: CASE id=17 granule=4096 profile=1 ap=0 parent=1 xn=0 el=0 warm=true op=2 upper=true allowed=false status=17 retired=0 fetch=1 data=1 completed=0 provider=0 reply=1 level=3 context=4 esr=0x9200000f pass=true
NXPERM: CASE id=18 granule=4096 profile=1 ap=0 parent=1 xn=0 el=0 warm=true op=3 upper=true allowed=false status=17 retired=0 fetch=1 data=1 completed=0 provider=0 reply=1 level=3 context=4 esr=0x9200004f pass=true
NXPERM: CASE id=19 granule=4096 profile=1 ap=0 parent=1 xn=0 el=1 warm=false op=1 upper=false allowed=true status=1 retired=1 fetch=1 data=0 completed=0 provider=0 reply=0 level=4294967295 context=0 esr=0x0 pass=true
NXPERM: CASE id=20 granule=4096 profile=1 ap=0 parent=1 xn=0 el=1 warm=false op=2 upper=false allowed=true status=1 retired=2 fetch=2 data=1 completed=1 provider=0 reply=0 level=4294967295 context=0 esr=0x0 pass=true
NXPERM: CASE id=21 granule=4096 profile=1 ap=0 parent=1 xn=0 el=1 warm=false op=3 upper=false allowed=true status=1 retired=2 fetch=2 data=1 completed=1 provider=0 reply=0 level=4294967295 context=0 esr=0x0 pass=true
NXPERM: CASE id=22 granule=4096 profile=1 ap=0 parent=1 xn=0 el=1 warm=true op=1 upper=false allowed=true status=1 retired=1 fetch=1 data=0 completed=0 provider=0 reply=0 level=4294967295 context=0 esr=0x0 pass=true
NXPERM: CASE id=23 granule=4096 profile=1 ap=0 parent=1 xn=0 el=1 warm=true op=2 upper=false allowed=true status=1 retired=2 fetch=2 data=1 completed=1 provider=0 reply=0 level=4294967295 context=0 esr=0x0 pass=true
NXPERM: CASE id=24 granule=4096 profile=1 ap=0 parent=1 xn=0 el=1 warm=true op=3 upper=false allowed=true status=1 retired=2 fetch=2 data=1 completed=1 provider=0 reply=0 level=4294967295 context=0 esr=0x0 pass=true
NXPERM: CASE id=25 granule=4096 profile=1 ap=0 parent=2 xn=0 el=0 warm=false op=1 upper=false allowed=true status=1 retired=1 fetch=1 data=0 completed=0 provider=0 reply=0 level=4294967295 context=0 esr=0x0 pass=true
NXPERM: CASE id=26 granule=4096 profile=1 ap=0 parent=2 xn=0 el=0 warm=false op=2 upper=false allowed=false status=17 retired=0 fetch=1 data=1 completed=0 provider=0 reply=1 level=3 context=3 esr=0x9200000f pass=true
NXPERM: CASE id=27 granule=4096 profile=1 ap=0 parent=2 xn=0 el=0 warm=false op=3 upper=false allowed=false status=17 retired=0 fetch=1 data=1 completed=0 provider=0 reply=1 level=3 context=3 esr=0x9200004f pass=true
NXPERM: CASE id=28 granule=4096 profile=1 ap=0 parent=2 xn=0 el=0 warm=true op=1 upper=false allowed=true status=1 retired=1 fetch=1 data=0 completed=0 provider=0 reply=0 level=4294967295 context=0 esr=0x0 pass=true
NXPERM: CASE id=29 granule=4096 profile=1 ap=0 parent=2 xn=0 el=0 warm=true op=2 upper=false allowed=false status=17 retired=0 fetch=1 data=1 completed=0 provider=0 reply=1 level=3 context=4 esr=0x9200000f pass=true
NXPERM: CASE id=30 granule=4096 profile=1 ap=0 parent=2 xn=0 el=0 warm=true op=3 upper=false allowed=false status=17 retired=0 fetch=1 data=1 completed=0 provider=0 reply=1 level=3 context=4 esr=0x9200004f pass=true
NXPERM: CASE id=31 granule=4096 profile=1 ap=0 parent=2 xn=0 el=1 warm=false op=1 upper=true allowed=true status=1 retired=1 fetch=1 data=0 completed=0 provider=0 reply=0 level=4294967295 context=0 esr=0x0 pass=true
NXPERM: CASE id=32 granule=4096 profile=1 ap=0 parent=2 xn=0 el=1 warm=false op=2 upper=true allowed=true status=1 retired=2 fetch=2 data=1 completed=1 provider=0 reply=0 level=4294967295 context=0 esr=0x0 pass=true
NXPERM: CASE id=33 granule=4096 profile=1 ap=0 parent=2 xn=0 el=1 warm=false op=3 upper=true allowed=false status=17 retired=0 fetch=1 data=1 completed=0 provider=0 reply=1 level=3 context=3 esr=0x9600004f pass=true
NXPERM: CASE id=34 granule=4096 profile=1 ap=0 parent=2 xn=0 el=1 warm=true op=1 upper=true allowed=true status=1 retired=1 fetch=1 data=0 completed=0 provider=0 reply=0 level=4294967295 context=0 esr=0x0 pass=true
NXPERM: CASE id=35 granule=4096 profile=1 ap=0 parent=2 xn=0 el=1 warm=true op=2 upper=true allowed=true status=1 retired=2 fetch=2 data=1 completed=1 provider=0 reply=0 level=4294967295 context=0 esr=0x0 pass=true
NXPERM: CASE id=36 granule=4096 profile=1 ap=0 parent=2 xn=0 el=1 warm=true op=3 upper=true allowed=false status=17 retired=0 fetch=1 data=1 completed=0 provider=0 reply=1 level=3 context=4 esr=0x9600004f pass=true
NXPERM: CASE id=37 granule=4096 profile=1 ap=0 parent=3 xn=0 el=0 warm=false op=1 upper=true allowed=true status=1 retired=1 fetch=1 data=0 completed=0 provider=0 reply=0 level=4294967295 context=0 esr=0x0 pass=true
NXPERM: CASE id=38 granule=4096 profile=1 ap=0 parent=3 xn=0 el=0 warm=false op=2 upper=true allowed=false status=17 retired=0 fetch=1 data=1 completed=0 provider=0 reply=1 level=3 context=3 esr=0x9200000f pass=true
NXPERM: CASE id=39 granule=4096 profile=1 ap=0 parent=3 xn=0 el=0 warm=false op=3 upper=true allowed=false status=17 retired=0 fetch=1 data=1 completed=0 provider=0 reply=1 level=3 context=3 esr=0x9200004f pass=true
NXPERM: CASE id=40 granule=4096 profile=1 ap=0 parent=3 xn=0 el=0 warm=true op=1 upper=true allowed=true status=1 retired=1 fetch=1 data=0 completed=0 provider=0 reply=0 level=4294967295 context=0 esr=0x0 pass=true
NXPERM: CASE id=41 granule=4096 profile=1 ap=0 parent=3 xn=0 el=0 warm=true op=2 upper=true allowed=false status=17 retired=0 fetch=1 data=1 completed=0 provider=0 reply=1 level=3 context=4 esr=0x9200000f pass=true
NXPERM: CASE id=42 granule=4096 profile=1 ap=0 parent=3 xn=0 el=0 warm=true op=3 upper=true allowed=false status=17 retired=0 fetch=1 data=1 completed=0 provider=0 reply=1 level=3 context=4 esr=0x9200004f pass=true
NXPERM: CASE id=43 granule=4096 profile=1 ap=0 parent=3 xn=0 el=1 warm=false op=1 upper=false allowed=true status=1 retired=1 fetch=1 data=0 completed=0 provider=0 reply=0 level=4294967295 context=0 esr=0x0 pass=true
NXPERM: CASE id=44 granule=4096 profile=1 ap=0 parent=3 xn=0 el=1 warm=false op=2 upper=false allowed=true status=1 retired=2 fetch=2 data=1 completed=1 provider=0 reply=0 level=4294967295 context=0 esr=0x0 pass=true
NXPERM: CASE id=45 granule=4096 profile=1 ap=0 parent=3 xn=0 el=1 warm=false op=3 upper=false allowed=false status=17 retired=0 fetch=1 data=1 completed=0 provider=0 reply=1 level=3 context=3 esr=0x9600004f pass=true
NXPERM: CASE id=46 granule=4096 profile=1 ap=0 parent=3 xn=0 el=1 warm=true op=1 upper=false allowed=true status=1 retired=1 fetch=1 data=0 completed=0 provider=0 reply=0 level=4294967295 context=0 esr=0x0 pass=true
NXPERM: CASE id=47 granule=4096 profile=1 ap=0 parent=3 xn=0 el=1 warm=true op=2 upper=false allowed=true status=1 retired=2 fetch=2 data=1 completed=1 provider=0 reply=0 level=4294967295 context=0 esr=0x0 pass=true
NXPERM: CASE id=48 granule=4096 profile=1 ap=0 parent=3 xn=0 el=1 warm=true op=3 upper=false allowed=false status=17 retired=0 fetch=1 data=1 completed=0 provider=0 reply=1 level=3 context=4 esr=0x9600004f pass=true
NXPERM: CASE id=49 granule=4096 profile=1 ap=1 parent=0 xn=0 el=0 warm=false op=1 upper=true allowed=true status=1 retired=1 fetch=1 data=0 completed=0 provider=0 reply=0 level=4294967295 context=0 esr=0x0 pass=true
NXPERM: CASE id=50 granule=4096 profile=1 ap=1 parent=0 xn=0 el=0 warm=false op=2 upper=true allowed=true status=1 retired=2 fetch=2 data=1 completed=1 provider=0 reply=0 level=4294967295 context=0 esr=0x0 pass=true
NXPERM: CASE id=51 granule=4096 profile=1 ap=1 parent=0 xn=0 el=0 warm=false op=3 upper=true allowed=true status=1 retired=2 fetch=2 data=1 completed=1 provider=0 reply=0 level=4294967295 context=0 esr=0x0 pass=true
NXPERM: CASE id=52 granule=4096 profile=1 ap=1 parent=0 xn=0 el=0 warm=true op=1 upper=true allowed=true status=1 retired=1 fetch=1 data=0 completed=0 provider=0 reply=0 level=4294967295 context=0 esr=0x0 pass=true
NXPERM: CASE id=53 granule=4096 profile=1 ap=1 parent=0 xn=0 el=0 warm=true op=2 upper=true allowed=true status=1 retired=2 fetch=2 data=1 completed=1 provider=0 reply=0 level=4294967295 context=0 esr=0x0 pass=true
NXPERM: CASE id=54 granule=4096 profile=1 ap=1 parent=0 xn=0 el=0 warm=true op=3 upper=true allowed=true status=1 retired=2 fetch=2 data=1 completed=1 provider=0 reply=0 level=4294967295 context=0 esr=0x0 pass=true
NXPERM: CASE id=55 granule=4096 profile=1 ap=1 parent=0 xn=0 el=1 warm=false op=1 upper=false allowed=false status=16 retired=0 fetch=1 data=0 completed=0 provider=0 reply=1 level=3 context=3 esr=0x8600000f pass=true
NXPERM: CASE id=56 granule=4096 profile=1 ap=1 parent=0 xn=0 el=1 warm=false op=2 upper=false allowed=true status=1 retired=2 fetch=2 data=1 completed=1 provider=0 reply=0 level=4294967295 context=0 esr=0x0 pass=true
NXPERM: CASE id=57 granule=4096 profile=1 ap=1 parent=0 xn=0 el=1 warm=false op=3 upper=false allowed=true status=1 retired=2 fetch=2 data=1 completed=1 provider=0 reply=0 level=4294967295 context=0 esr=0x0 pass=true
NXPERM: CASE id=58 granule=4096 profile=1 ap=1 parent=0 xn=0 el=1 warm=true op=1 upper=false allowed=false status=16 retired=0 fetch=1 data=0 completed=0 provider=0 reply=1 level=3 context=4 esr=0x8600000f pass=true
NXPERM: CASE id=59 granule=4096 profile=1 ap=1 parent=0 xn=0 el=1 warm=true op=2 upper=false allowed=true status=1 retired=2 fetch=2 data=1 completed=1 provider=0 reply=0 level=4294967295 context=0 esr=0x0 pass=true
NXPERM: CASE id=60 granule=4096 profile=1 ap=1 parent=0 xn=0 el=1 warm=true op=3 upper=false allowed=true status=1 retired=2 fetch=2 data=1 completed=1 provider=0 reply=0 level=4294967295 context=0 esr=0x0 pass=true
NXPERM: CASE id=61 granule=4096 profile=1 ap=1 parent=1 xn=0 el=0 warm=false op=1 upper=false allowed=true status=1 retired=1 fetch=1 data=0 completed=0 provider=0 reply=0 level=4294967295 context=0 esr=0x0 pass=true
NXPERM: CASE id=62 granule=4096 profile=1 ap=1 parent=1 xn=0 el=0 warm=false op=2 upper=false allowed=false status=17 retired=0 fetch=1 data=1 completed=0 provider=0 reply=1 level=3 context=3 esr=0x9200000f pass=true
NXPERM: CASE id=63 granule=4096 profile=1 ap=1 parent=1 xn=0 el=0 warm=false op=3 upper=false allowed=false status=17 retired=0 fetch=1 data=1 completed=0 provider=0 reply=1 level=3 context=3 esr=0x9200004f pass=true
NXPERM: CASE id=64 granule=4096 profile=1 ap=1 parent=1 xn=0 el=0 warm=true op=1 upper=false allowed=true status=1 retired=1 fetch=1 data=0 completed=0 provider=0 reply=0 level=4294967295 context=0 esr=0x0 pass=true
NXPERM: CASE id=65 granule=4096 profile=1 ap=1 parent=1 xn=0 el=0 warm=true op=2 upper=false allowed=false status=17 retired=0 fetch=1 data=1 completed=0 provider=0 reply=1 level=3 context=4 esr=0x9200000f pass=true
NXPERM: CASE id=66 granule=4096 profile=1 ap=1 parent=1 xn=0 el=0 warm=true op=3 upper=false allowed=false status=17 retired=0 fetch=1 data=1 completed=0 provider=0 reply=1 level=3 context=4 esr=0x9200004f pass=true
NXPERM: CASE id=67 granule=4096 profile=1 ap=1 parent=1 xn=0 el=1 warm=false op=1 upper=true allowed=true status=1 retired=1 fetch=1 data=0 completed=0 provider=0 reply=0 level=4294967295 context=0 esr=0x0 pass=true
NXPERM: CASE id=68 granule=4096 profile=1 ap=1 parent=1 xn=0 el=1 warm=false op=2 upper=true allowed=true status=1 retired=2 fetch=2 data=1 completed=1 provider=0 reply=0 level=4294967295 context=0 esr=0x0 pass=true
NXPERM: CASE id=69 granule=4096 profile=1 ap=1 parent=1 xn=0 el=1 warm=false op=3 upper=true allowed=true status=1 retired=2 fetch=2 data=1 completed=1 provider=0 reply=0 level=4294967295 context=0 esr=0x0 pass=true
NXPERM: CASE id=70 granule=4096 profile=1 ap=1 parent=1 xn=0 el=1 warm=true op=1 upper=true allowed=true status=1 retired=1 fetch=1 data=0 completed=0 provider=0 reply=0 level=4294967295 context=0 esr=0x0 pass=true
NXPERM: CASE id=71 granule=4096 profile=1 ap=1 parent=1 xn=0 el=1 warm=true op=2 upper=true allowed=true status=1 retired=2 fetch=2 data=1 completed=1 provider=0 reply=0 level=4294967295 context=0 esr=0x0 pass=true
NXPERM: CASE id=72 granule=4096 profile=1 ap=1 parent=1 xn=0 el=1 warm=true op=3 upper=true allowed=true status=1 retired=2 fetch=2 data=1 completed=1 provider=0 reply=0 level=4294967295 context=0 esr=0x0 pass=true
NXPERM: CASE id=73 granule=4096 profile=1 ap=1 parent=2 xn=0 el=0 warm=false op=1 upper=true allowed=true status=1 retired=1 fetch=1 data=0 completed=0 provider=0 reply=0 level=4294967295 context=0 esr=0x0 pass=true
NXPERM: CASE id=74 granule=4096 profile=1 ap=1 parent=2 xn=0 el=0 warm=false op=2 upper=true allowed=true status=1 retired=2 fetch=2 data=1 completed=1 provider=0 reply=0 level=4294967295 context=0 esr=0x0 pass=true
NXPERM: CASE id=75 granule=4096 profile=1 ap=1 parent=2 xn=0 el=0 warm=false op=3 upper=true allowed=false status=17 retired=0 fetch=1 data=1 completed=0 provider=0 reply=1 level=3 context=3 esr=0x9200004f pass=true
NXPERM: CASE id=76 granule=4096 profile=1 ap=1 parent=2 xn=0 el=0 warm=true op=1 upper=true allowed=true status=1 retired=1 fetch=1 data=0 completed=0 provider=0 reply=0 level=4294967295 context=0 esr=0x0 pass=true
NXPERM: CASE id=77 granule=4096 profile=1 ap=1 parent=2 xn=0 el=0 warm=true op=2 upper=true allowed=true status=1 retired=2 fetch=2 data=1 completed=1 provider=0 reply=0 level=4294967295 context=0 esr=0x0 pass=true
NXPERM: CASE id=78 granule=4096 profile=1 ap=1 parent=2 xn=0 el=0 warm=true op=3 upper=true allowed=false status=17 retired=0 fetch=1 data=1 completed=0 provider=0 reply=1 level=3 context=4 esr=0x9200004f pass=true
NXPERM: CASE id=79 granule=4096 profile=1 ap=1 parent=2 xn=0 el=1 warm=false op=1 upper=false allowed=true status=1 retired=1 fetch=1 data=0 completed=0 provider=0 reply=0 level=4294967295 context=0 esr=0x0 pass=true
NXPERM: CASE id=80 granule=4096 profile=1 ap=1 parent=2 xn=0 el=1 warm=false op=2 upper=false allowed=true status=1 retired=2 fetch=2 data=1 completed=1 provider=0 reply=0 level=4294967295 context=0 esr=0x0 pass=true
NXPERM: CASE id=81 granule=4096 profile=1 ap=1 parent=2 xn=0 el=1 warm=false op=3 upper=false allowed=false status=17 retired=0 fetch=1 data=1 completed=0 provider=0 reply=1 level=3 context=3 esr=0x9600004f pass=true
NXPERM: CASE id=82 granule=4096 profile=1 ap=1 parent=2 xn=0 el=1 warm=true op=1 upper=false allowed=true status=1 retired=1 fetch=1 data=0 completed=0 provider=0 reply=0 level=4294967295 context=0 esr=0x0 pass=true
NXPERM: CASE id=83 granule=4096 profile=1 ap=1 parent=2 xn=0 el=1 warm=true op=2 upper=false allowed=true status=1 retired=2 fetch=2 data=1 completed=1 provider=0 reply=0 level=4294967295 context=0 esr=0x0 pass=true
NXPERM: CASE id=84 granule=4096 profile=1 ap=1 parent=2 xn=0 el=1 warm=true op=3 upper=false allowed=false status=17 retired=0 fetch=1 data=1 completed=0 provider=0 reply=1 level=3 context=4 esr=0x9600004f pass=true
NXPERM: CASE id=85 granule=4096 profile=1 ap=1 parent=3 xn=0 el=0 warm=false op=1 upper=false allowed=true status=1 retired=1 fetch=1 data=0 completed=0 provider=0 reply=0 level=4294967295 context=0 esr=0x0 pass=true
NXPERM: CASE id=86 granule=4096 profile=1 ap=1 parent=3 xn=0 el=0 warm=false op=2 upper=false allowed=false status=17 retired=0 fetch=1 data=1 completed=0 provider=0 reply=1 level=3 context=3 esr=0x9200000f pass=true
NXPERM: CASE id=87 granule=4096 profile=1 ap=1 parent=3 xn=0 el=0 warm=false op=3 upper=false allowed=false status=17 retired=0 fetch=1 data=1 completed=0 provider=0 reply=1 level=3 context=3 esr=0x9200004f pass=true
NXPERM: CASE id=88 granule=4096 profile=1 ap=1 parent=3 xn=0 el=0 warm=true op=1 upper=false allowed=true status=1 retired=1 fetch=1 data=0 completed=0 provider=0 reply=0 level=4294967295 context=0 esr=0x0 pass=true
NXPERM: CASE id=89 granule=4096 profile=1 ap=1 parent=3 xn=0 el=0 warm=true op=2 upper=false allowed=false status=17 retired=0 fetch=1 data=1 completed=0 provider=0 reply=1 level=3 context=4 esr=0x9200000f pass=true
NXPERM: CASE id=90 granule=4096 profile=1 ap=1 parent=3 xn=0 el=0 warm=true op=3 upper=false allowed=false status=17 retired=0 fetch=1 data=1 completed=0 provider=0 reply=1 level=3 context=4 esr=0x9200004f pass=true
NXPERM: CASE id=91 granule=4096 profile=1 ap=1 parent=3 xn=0 el=1 warm=false op=1 upper=true allowed=true status=1 retired=1 fetch=1 data=0 completed=0 provider=0 reply=0 level=4294967295 context=0 esr=0x0 pass=true
NXPERM: CASE id=92 granule=4096 profile=1 ap=1 parent=3 xn=0 el=1 warm=false op=2 upper=true allowed=true status=1 retired=2 fetch=2 data=1 completed=1 provider=0 reply=0 level=4294967295 context=0 esr=0x0 pass=true
NXPERM: CASE id=93 granule=4096 profile=1 ap=1 parent=3 xn=0 el=1 warm=false op=3 upper=true allowed=false status=17 retired=0 fetch=1 data=1 completed=0 provider=0 reply=1 level=3 context=3 esr=0x9600004f pass=true
NXPERM: CASE id=94 granule=4096 profile=1 ap=1 parent=3 xn=0 el=1 warm=true op=1 upper=true allowed=true status=1 retired=1 fetch=1 data=0 completed=0 provider=0 reply=0 level=4294967295 context=0 esr=0x0 pass=true
NXPERM: CASE id=95 granule=4096 profile=1 ap=1 parent=3 xn=0 el=1 warm=true op=2 upper=true allowed=true status=1 retired=2 fetch=2 data=1 completed=1 provider=0 reply=0 level=4294967295 context=0 esr=0x0 pass=true
NXPERM: CASE id=96 granule=4096 profile=1 ap=1 parent=3 xn=0 el=1 warm=true op=3 upper=true allowed=false status=17 retired=0 fetch=1 data=1 completed=0 provider=0 reply=1 level=3 context=4 esr=0x9600004f pass=true
NXPERM: CASE id=97 granule=4096 profile=1 ap=2 parent=0 xn=0 el=0 warm=false op=1 upper=false allowed=true status=1 retired=1 fetch=1 data=0 completed=0 provider=0 reply=0 level=4294967295 context=0 esr=0x0 pass=true
NXPERM: CASE id=98 granule=4096 profile=1 ap=2 parent=0 xn=0 el=0 warm=false op=2 upper=false allowed=false status=17 retired=0 fetch=1 data=1 completed=0 provider=0 reply=1 level=3 context=3 esr=0x9200000f pass=true
NXPERM: CASE id=99 granule=4096 profile=1 ap=2 parent=0 xn=0 el=0 warm=false op=3 upper=false allowed=false status=17 retired=0 fetch=1 data=1 completed=0 provider=0 reply=1 level=3 context=3 esr=0x9200004f pass=true
NXPERM: CASE id=100 granule=4096 profile=1 ap=2 parent=0 xn=0 el=0 warm=true op=1 upper=false allowed=true status=1 retired=1 fetch=1 data=0 completed=0 provider=0 reply=0 level=4294967295 context=0 esr=0x0 pass=true
NXPERM: CASE id=101 granule=4096 profile=1 ap=2 parent=0 xn=0 el=0 warm=true op=2 upper=false allowed=false status=17 retired=0 fetch=1 data=1 completed=0 provider=0 reply=1 level=3 context=4 esr=0x9200000f pass=true
NXPERM: CASE id=102 granule=4096 profile=1 ap=2 parent=0 xn=0 el=0 warm=true op=3 upper=false allowed=false status=17 retired=0 fetch=1 data=1 completed=0 provider=0 reply=1 level=3 context=4 esr=0x9200004f pass=true
NXPERM: CASE id=103 granule=4096 profile=1 ap=2 parent=0 xn=0 el=1 warm=false op=1 upper=true allowed=true status=1 retired=1 fetch=1 data=0 completed=0 provider=0 reply=0 level=4294967295 context=0 esr=0x0 pass=true
NXPERM: CASE id=104 granule=4096 profile=1 ap=2 parent=0 xn=0 el=1 warm=false op=2 upper=true allowed=true status=1 retired=2 fetch=2 data=1 completed=1 provider=0 reply=0 level=4294967295 context=0 esr=0x0 pass=true
NXPERM: CASE id=105 granule=4096 profile=1 ap=2 parent=0 xn=0 el=1 warm=false op=3 upper=true allowed=false status=17 retired=0 fetch=1 data=1 completed=0 provider=0 reply=1 level=3 context=3 esr=0x9600004f pass=true
NXPERM: CASE id=106 granule=4096 profile=1 ap=2 parent=0 xn=0 el=1 warm=true op=1 upper=true allowed=true status=1 retired=1 fetch=1 data=0 completed=0 provider=0 reply=0 level=4294967295 context=0 esr=0x0 pass=true
NXPERM: CASE id=107 granule=4096 profile=1 ap=2 parent=0 xn=0 el=1 warm=true op=2 upper=true allowed=true status=1 retired=2 fetch=2 data=1 completed=1 provider=0 reply=0 level=4294967295 context=0 esr=0x0 pass=true
NXPERM: CASE id=108 granule=4096 profile=1 ap=2 parent=0 xn=0 el=1 warm=true op=3 upper=true allowed=false status=17 retired=0 fetch=1 data=1 completed=0 provider=0 reply=1 level=3 context=4 esr=0x9600004f pass=true
NXPERM: CASE id=109 granule=4096 profile=1 ap=2 parent=1 xn=0 el=0 warm=false op=1 upper=true allowed=true status=1 retired=1 fetch=1 data=0 completed=0 provider=0 reply=0 level=4294967295 context=0 esr=0x0 pass=true
NXPERM: CASE id=110 granule=4096 profile=1 ap=2 parent=1 xn=0 el=0 warm=false op=2 upper=true allowed=false status=17 retired=0 fetch=1 data=1 completed=0 provider=0 reply=1 level=3 context=3 esr=0x9200000f pass=true
NXPERM: CASE id=111 granule=4096 profile=1 ap=2 parent=1 xn=0 el=0 warm=false op=3 upper=true allowed=false status=17 retired=0 fetch=1 data=1 completed=0 provider=0 reply=1 level=3 context=3 esr=0x9200004f pass=true
NXPERM: CASE id=112 granule=4096 profile=1 ap=2 parent=1 xn=0 el=0 warm=true op=1 upper=true allowed=true status=1 retired=1 fetch=1 data=0 completed=0 provider=0 reply=0 level=4294967295 context=0 esr=0x0 pass=true
NXPERM: CASE id=113 granule=4096 profile=1 ap=2 parent=1 xn=0 el=0 warm=true op=2 upper=true allowed=false status=17 retired=0 fetch=1 data=1 completed=0 provider=0 reply=1 level=3 context=4 esr=0x9200000f pass=true
NXPERM: CASE id=114 granule=4096 profile=1 ap=2 parent=1 xn=0 el=0 warm=true op=3 upper=true allowed=false status=17 retired=0 fetch=1 data=1 completed=0 provider=0 reply=1 level=3 context=4 esr=0x9200004f pass=true
NXPERM: CASE id=115 granule=4096 profile=1 ap=2 parent=1 xn=0 el=1 warm=false op=1 upper=false allowed=true status=1 retired=1 fetch=1 data=0 completed=0 provider=0 reply=0 level=4294967295 context=0 esr=0x0 pass=true
NXPERM: CASE id=116 granule=4096 profile=1 ap=2 parent=1 xn=0 el=1 warm=false op=2 upper=false allowed=true status=1 retired=2 fetch=2 data=1 completed=1 provider=0 reply=0 level=4294967295 context=0 esr=0x0 pass=true
NXPERM: CASE id=117 granule=4096 profile=1 ap=2 parent=1 xn=0 el=1 warm=false op=3 upper=false allowed=false status=17 retired=0 fetch=1 data=1 completed=0 provider=0 reply=1 level=3 context=3 esr=0x9600004f pass=true
NXPERM: CASE id=118 granule=4096 profile=1 ap=2 parent=1 xn=0 el=1 warm=true op=1 upper=false allowed=true status=1 retired=1 fetch=1 data=0 completed=0 provider=0 reply=0 level=4294967295 context=0 esr=0x0 pass=true
NXPERM: CASE id=119 granule=4096 profile=1 ap=2 parent=1 xn=0 el=1 warm=true op=2 upper=false allowed=true status=1 retired=2 fetch=2 data=1 completed=1 provider=0 reply=0 level=4294967295 context=0 esr=0x0 pass=true
NXPERM: CASE id=120 granule=4096 profile=1 ap=2 parent=1 xn=0 el=1 warm=true op=3 upper=false allowed=false status=17 retired=0 fetch=1 data=1 completed=0 provider=0 reply=1 level=3 context=4 esr=0x9600004f pass=true
NXPERM: CASE id=121 granule=4096 profile=1 ap=2 parent=2 xn=0 el=0 warm=false op=1 upper=false allowed=true status=1 retired=1 fetch=1 data=0 completed=0 provider=0 reply=0 level=4294967295 context=0 esr=0x0 pass=true
NXPERM: CASE id=122 granule=4096 profile=1 ap=2 parent=2 xn=0 el=0 warm=false op=2 upper=false allowed=false status=17 retired=0 fetch=1 data=1 completed=0 provider=0 reply=1 level=3 context=3 esr=0x9200000f pass=true
NXPERM: CASE id=123 granule=4096 profile=1 ap=2 parent=2 xn=0 el=0 warm=false op=3 upper=false allowed=false status=17 retired=0 fetch=1 data=1 completed=0 provider=0 reply=1 level=3 context=3 esr=0x9200004f pass=true
NXPERM: CASE id=124 granule=4096 profile=1 ap=2 parent=2 xn=0 el=0 warm=true op=1 upper=false allowed=true status=1 retired=1 fetch=1 data=0 completed=0 provider=0 reply=0 level=4294967295 context=0 esr=0x0 pass=true
NXPERM: CASE id=125 granule=4096 profile=1 ap=2 parent=2 xn=0 el=0 warm=true op=2 upper=false allowed=false status=17 retired=0 fetch=1 data=1 completed=0 provider=0 reply=1 level=3 context=4 esr=0x9200000f pass=true
NXPERM: CASE id=126 granule=4096 profile=1 ap=2 parent=2 xn=0 el=0 warm=true op=3 upper=false allowed=false status=17 retired=0 fetch=1 data=1 completed=0 provider=0 reply=1 level=3 context=4 esr=0x9200004f pass=true
NXPERM: CASE id=127 granule=4096 profile=1 ap=2 parent=2 xn=0 el=1 warm=false op=1 upper=true allowed=true status=1 retired=1 fetch=1 data=0 completed=0 provider=0 reply=0 level=4294967295 context=0 esr=0x0 pass=true
NXPERM: CASE id=128 granule=4096 profile=1 ap=2 parent=2 xn=0 el=1 warm=false op=2 upper=true allowed=true status=1 retired=2 fetch=2 data=1 completed=1 provider=0 reply=0 level=4294967295 context=0 esr=0x0 pass=true
NXPERM: CASE id=129 granule=4096 profile=1 ap=2 parent=2 xn=0 el=1 warm=false op=3 upper=true allowed=false status=17 retired=0 fetch=1 data=1 completed=0 provider=0 reply=1 level=3 context=3 esr=0x9600004f pass=true
NXPERM: CASE id=130 granule=4096 profile=1 ap=2 parent=2 xn=0 el=1 warm=true op=1 upper=true allowed=true status=1 retired=1 fetch=1 data=0 completed=0 provider=0 reply=0 level=4294967295 context=0 esr=0x0 pass=true
NXPERM: CASE id=131 granule=4096 profile=1 ap=2 parent=2 xn=0 el=1 warm=true op=2 upper=true allowed=true status=1 retired=2 fetch=2 data=1 completed=1 provider=0 reply=0 level=4294967295 context=0 esr=0x0 pass=true
NXPERM: CASE id=132 granule=4096 profile=1 ap=2 parent=2 xn=0 el=1 warm=true op=3 upper=true allowed=false status=17 retired=0 fetch=1 data=1 completed=0 provider=0 reply=1 level=3 context=4 esr=0x9600004f pass=true
NXPERM: CASE id=133 granule=4096 profile=1 ap=2 parent=3 xn=0 el=0 warm=false op=1 upper=true allowed=true status=1 retired=1 fetch=1 data=0 completed=0 provider=0 reply=0 level=4294967295 context=0 esr=0x0 pass=true
NXPERM: CASE id=134 granule=4096 profile=1 ap=2 parent=3 xn=0 el=0 warm=false op=2 upper=true allowed=false status=17 retired=0 fetch=1 data=1 completed=0 provider=0 reply=1 level=3 context=3 esr=0x9200000f pass=true
NXPERM: CASE id=135 granule=4096 profile=1 ap=2 parent=3 xn=0 el=0 warm=false op=3 upper=true allowed=false status=17 retired=0 fetch=1 data=1 completed=0 provider=0 reply=1 level=3 context=3 esr=0x9200004f pass=true
NXPERM: CASE id=136 granule=4096 profile=1 ap=2 parent=3 xn=0 el=0 warm=true op=1 upper=true allowed=true status=1 retired=1 fetch=1 data=0 completed=0 provider=0 reply=0 level=4294967295 context=0 esr=0x0 pass=true
NXPERM: CASE id=137 granule=4096 profile=1 ap=2 parent=3 xn=0 el=0 warm=true op=2 upper=true allowed=false status=17 retired=0 fetch=1 data=1 completed=0 provider=0 reply=1 level=3 context=4 esr=0x9200000f pass=true
NXPERM: CASE id=138 granule=4096 profile=1 ap=2 parent=3 xn=0 el=0 warm=true op=3 upper=true allowed=false status=17 retired=0 fetch=1 data=1 completed=0 provider=0 reply=1 level=3 context=4 esr=0x9200004f pass=true
NXPERM: CASE id=139 granule=4096 profile=1 ap=2 parent=3 xn=0 el=1 warm=false op=1 upper=false allowed=true status=1 retired=1 fetch=1 data=0 completed=0 provider=0 reply=0 level=4294967295 context=0 esr=0x0 pass=true
NXPERM: CASE id=140 granule=4096 profile=1 ap=2 parent=3 xn=0 el=1 warm=false op=2 upper=false allowed=true status=1 retired=2 fetch=2 data=1 completed=1 provider=0 reply=0 level=4294967295 context=0 esr=0x0 pass=true
NXPERM: CASE id=141 granule=4096 profile=1 ap=2 parent=3 xn=0 el=1 warm=false op=3 upper=false allowed=false status=17 retired=0 fetch=1 data=1 completed=0 provider=0 reply=1 level=3 context=3 esr=0x9600004f pass=true
NXPERM: CASE id=142 granule=4096 profile=1 ap=2 parent=3 xn=0 el=1 warm=true op=1 upper=false allowed=true status=1 retired=1 fetch=1 data=0 completed=0 provider=0 reply=0 level=4294967295 context=0 esr=0x0 pass=true
NXPERM: CASE id=143 granule=4096 profile=1 ap=2 parent=3 xn=0 el=1 warm=true op=2 upper=false allowed=true status=1 retired=2 fetch=2 data=1 completed=1 provider=0 reply=0 level=4294967295 context=0 esr=0x0 pass=true
NXPERM: CASE id=144 granule=4096 profile=1 ap=2 parent=3 xn=0 el=1 warm=true op=3 upper=false allowed=false status=17 retired=0 fetch=1 data=1 completed=0 provider=0 reply=1 level=3 context=4 esr=0x9600004f pass=true
NXPERM: CASE id=145 granule=4096 profile=1 ap=3 parent=0 xn=0 el=0 warm=false op=1 upper=true allowed=true status=1 retired=1 fetch=1 data=0 completed=0 provider=0 reply=0 level=4294967295 context=0 esr=0x0 pass=true
NXPERM: CASE id=146 granule=4096 profile=1 ap=3 parent=0 xn=0 el=0 warm=false op=2 upper=true allowed=true status=1 retired=2 fetch=2 data=1 completed=1 provider=0 reply=0 level=4294967295 context=0 esr=0x0 pass=true
NXPERM: CASE id=147 granule=4096 profile=1 ap=3 parent=0 xn=0 el=0 warm=false op=3 upper=true allowed=false status=17 retired=0 fetch=1 data=1 completed=0 provider=0 reply=1 level=3 context=3 esr=0x9200004f pass=true
NXPERM: CASE id=148 granule=4096 profile=1 ap=3 parent=0 xn=0 el=0 warm=true op=1 upper=true allowed=true status=1 retired=1 fetch=1 data=0 completed=0 provider=0 reply=0 level=4294967295 context=0 esr=0x0 pass=true
NXPERM: CASE id=149 granule=4096 profile=1 ap=3 parent=0 xn=0 el=0 warm=true op=2 upper=true allowed=true status=1 retired=2 fetch=2 data=1 completed=1 provider=0 reply=0 level=4294967295 context=0 esr=0x0 pass=true
NXPERM: CASE id=150 granule=4096 profile=1 ap=3 parent=0 xn=0 el=0 warm=true op=3 upper=true allowed=false status=17 retired=0 fetch=1 data=1 completed=0 provider=0 reply=1 level=3 context=4 esr=0x9200004f pass=true
NXPERM: CASE id=151 granule=4096 profile=1 ap=3 parent=0 xn=0 el=1 warm=false op=1 upper=false allowed=true status=1 retired=1 fetch=1 data=0 completed=0 provider=0 reply=0 level=4294967295 context=0 esr=0x0 pass=true
NXPERM: CASE id=152 granule=4096 profile=1 ap=3 parent=0 xn=0 el=1 warm=false op=2 upper=false allowed=true status=1 retired=2 fetch=2 data=1 completed=1 provider=0 reply=0 level=4294967295 context=0 esr=0x0 pass=true
NXPERM: CASE id=153 granule=4096 profile=1 ap=3 parent=0 xn=0 el=1 warm=false op=3 upper=false allowed=false status=17 retired=0 fetch=1 data=1 completed=0 provider=0 reply=1 level=3 context=3 esr=0x9600004f pass=true
NXPERM: CASE id=154 granule=4096 profile=1 ap=3 parent=0 xn=0 el=1 warm=true op=1 upper=false allowed=true status=1 retired=1 fetch=1 data=0 completed=0 provider=0 reply=0 level=4294967295 context=0 esr=0x0 pass=true
NXPERM: CASE id=155 granule=4096 profile=1 ap=3 parent=0 xn=0 el=1 warm=true op=2 upper=false allowed=true status=1 retired=2 fetch=2 data=1 completed=1 provider=0 reply=0 level=4294967295 context=0 esr=0x0 pass=true
NXPERM: CASE id=156 granule=4096 profile=1 ap=3 parent=0 xn=0 el=1 warm=true op=3 upper=false allowed=false status=17 retired=0 fetch=1 data=1 completed=0 provider=0 reply=1 level=3 context=4 esr=0x9600004f pass=true
NXPERM: CASE id=157 granule=4096 profile=1 ap=3 parent=1 xn=0 el=0 warm=false op=1 upper=false allowed=true status=1 retired=1 fetch=1 data=0 completed=0 provider=0 reply=0 level=4294967295 context=0 esr=0x0 pass=true
NXPERM: CASE id=158 granule=4096 profile=1 ap=3 parent=1 xn=0 el=0 warm=false op=2 upper=false allowed=false status=17 retired=0 fetch=1 data=1 completed=0 provider=0 reply=1 level=3 context=3 esr=0x9200000f pass=true
NXPERM: CASE id=159 granule=4096 profile=1 ap=3 parent=1 xn=0 el=0 warm=false op=3 upper=false allowed=false status=17 retired=0 fetch=1 data=1 completed=0 provider=0 reply=1 level=3 context=3 esr=0x9200004f pass=true
NXPERM: CASE id=160 granule=4096 profile=1 ap=3 parent=1 xn=0 el=0 warm=true op=1 upper=false allowed=true status=1 retired=1 fetch=1 data=0 completed=0 provider=0 reply=0 level=4294967295 context=0 esr=0x0 pass=true
NXPERM: CASE id=161 granule=4096 profile=1 ap=3 parent=1 xn=0 el=0 warm=true op=2 upper=false allowed=false status=17 retired=0 fetch=1 data=1 completed=0 provider=0 reply=1 level=3 context=4 esr=0x9200000f pass=true
NXPERM: CASE id=162 granule=4096 profile=1 ap=3 parent=1 xn=0 el=0 warm=true op=3 upper=false allowed=false status=17 retired=0 fetch=1 data=1 completed=0 provider=0 reply=1 level=3 context=4 esr=0x9200004f pass=true
NXPERM: CASE id=163 granule=4096 profile=1 ap=3 parent=1 xn=0 el=1 warm=false op=1 upper=true allowed=true status=1 retired=1 fetch=1 data=0 completed=0 provider=0 reply=0 level=4294967295 context=0 esr=0x0 pass=true
NXPERM: CASE id=164 granule=4096 profile=1 ap=3 parent=1 xn=0 el=1 warm=false op=2 upper=true allowed=true status=1 retired=2 fetch=2 data=1 completed=1 provider=0 reply=0 level=4294967295 context=0 esr=0x0 pass=true
NXPERM: CASE id=165 granule=4096 profile=1 ap=3 parent=1 xn=0 el=1 warm=false op=3 upper=true allowed=false status=17 retired=0 fetch=1 data=1 completed=0 provider=0 reply=1 level=3 context=3 esr=0x9600004f pass=true
NXPERM: CASE id=166 granule=4096 profile=1 ap=3 parent=1 xn=0 el=1 warm=true op=1 upper=true allowed=true status=1 retired=1 fetch=1 data=0 completed=0 provider=0 reply=0 level=4294967295 context=0 esr=0x0 pass=true
NXPERM: CASE id=167 granule=4096 profile=1 ap=3 parent=1 xn=0 el=1 warm=true op=2 upper=true allowed=true status=1 retired=2 fetch=2 data=1 completed=1 provider=0 reply=0 level=4294967295 context=0 esr=0x0 pass=true
NXPERM: CASE id=168 granule=4096 profile=1 ap=3 parent=1 xn=0 el=1 warm=true op=3 upper=true allowed=false status=17 retired=0 fetch=1 data=1 completed=0 provider=0 reply=1 level=3 context=4 esr=0x9600004f pass=true
NXPERM: CASE id=169 granule=4096 profile=1 ap=3 parent=2 xn=0 el=0 warm=false op=1 upper=true allowed=true status=1 retired=1 fetch=1 data=0 completed=0 provider=0 reply=0 level=4294967295 context=0 esr=0x0 pass=true
NXPERM: CASE id=170 granule=4096 profile=1 ap=3 parent=2 xn=0 el=0 warm=false op=2 upper=true allowed=true status=1 retired=2 fetch=2 data=1 completed=1 provider=0 reply=0 level=4294967295 context=0 esr=0x0 pass=true
NXPERM: CASE id=171 granule=4096 profile=1 ap=3 parent=2 xn=0 el=0 warm=false op=3 upper=true allowed=false status=17 retired=0 fetch=1 data=1 completed=0 provider=0 reply=1 level=3 context=3 esr=0x9200004f pass=true
NXPERM: CASE id=172 granule=4096 profile=1 ap=3 parent=2 xn=0 el=0 warm=true op=1 upper=true allowed=true status=1 retired=1 fetch=1 data=0 completed=0 provider=0 reply=0 level=4294967295 context=0 esr=0x0 pass=true
NXPERM: CASE id=173 granule=4096 profile=1 ap=3 parent=2 xn=0 el=0 warm=true op=2 upper=true allowed=true status=1 retired=2 fetch=2 data=1 completed=1 provider=0 reply=0 level=4294967295 context=0 esr=0x0 pass=true
NXPERM: CASE id=174 granule=4096 profile=1 ap=3 parent=2 xn=0 el=0 warm=true op=3 upper=true allowed=false status=17 retired=0 fetch=1 data=1 completed=0 provider=0 reply=1 level=3 context=4 esr=0x9200004f pass=true
NXPERM: CASE id=175 granule=4096 profile=1 ap=3 parent=2 xn=0 el=1 warm=false op=1 upper=false allowed=true status=1 retired=1 fetch=1 data=0 completed=0 provider=0 reply=0 level=4294967295 context=0 esr=0x0 pass=true
NXPERM: CASE id=176 granule=4096 profile=1 ap=3 parent=2 xn=0 el=1 warm=false op=2 upper=false allowed=true status=1 retired=2 fetch=2 data=1 completed=1 provider=0 reply=0 level=4294967295 context=0 esr=0x0 pass=true
NXPERM: CASE id=177 granule=4096 profile=1 ap=3 parent=2 xn=0 el=1 warm=false op=3 upper=false allowed=false status=17 retired=0 fetch=1 data=1 completed=0 provider=0 reply=1 level=3 context=3 esr=0x9600004f pass=true
NXPERM: CASE id=178 granule=4096 profile=1 ap=3 parent=2 xn=0 el=1 warm=true op=1 upper=false allowed=true status=1 retired=1 fetch=1 data=0 completed=0 provider=0 reply=0 level=4294967295 context=0 esr=0x0 pass=true
NXPERM: CASE id=179 granule=4096 profile=1 ap=3 parent=2 xn=0 el=1 warm=true op=2 upper=false allowed=true status=1 retired=2 fetch=2 data=1 completed=1 provider=0 reply=0 level=4294967295 context=0 esr=0x0 pass=true
NXPERM: CASE id=180 granule=4096 profile=1 ap=3 parent=2 xn=0 el=1 warm=true op=3 upper=false allowed=false status=17 retired=0 fetch=1 data=1 completed=0 provider=0 reply=1 level=3 context=4 esr=0x9600004f pass=true
NXPERM: CASE id=181 granule=4096 profile=1 ap=3 parent=3 xn=0 el=0 warm=false op=1 upper=false allowed=true status=1 retired=1 fetch=1 data=0 completed=0 provider=0 reply=0 level=4294967295 context=0 esr=0x0 pass=true
NXPERM: CASE id=182 granule=4096 profile=1 ap=3 parent=3 xn=0 el=0 warm=false op=2 upper=false allowed=false status=17 retired=0 fetch=1 data=1 completed=0 provider=0 reply=1 level=3 context=3 esr=0x9200000f pass=true
NXPERM: CASE id=183 granule=4096 profile=1 ap=3 parent=3 xn=0 el=0 warm=false op=3 upper=false allowed=false status=17 retired=0 fetch=1 data=1 completed=0 provider=0 reply=1 level=3 context=3 esr=0x9200004f pass=true
NXPERM: CASE id=184 granule=4096 profile=1 ap=3 parent=3 xn=0 el=0 warm=true op=1 upper=false allowed=true status=1 retired=1 fetch=1 data=0 completed=0 provider=0 reply=0 level=4294967295 context=0 esr=0x0 pass=true
NXPERM: CASE id=185 granule=4096 profile=1 ap=3 parent=3 xn=0 el=0 warm=true op=2 upper=false allowed=false status=17 retired=0 fetch=1 data=1 completed=0 provider=0 reply=1 level=3 context=4 esr=0x9200000f pass=true
NXPERM: CASE id=186 granule=4096 profile=1 ap=3 parent=3 xn=0 el=0 warm=true op=3 upper=false allowed=false status=17 retired=0 fetch=1 data=1 completed=0 provider=0 reply=1 level=3 context=4 esr=0x9200004f pass=true
NXPERM: CASE id=187 granule=4096 profile=1 ap=3 parent=3 xn=0 el=1 warm=false op=1 upper=true allowed=true status=1 retired=1 fetch=1 data=0 completed=0 provider=0 reply=0 level=4294967295 context=0 esr=0x0 pass=true
NXPERM: CASE id=188 granule=4096 profile=1 ap=3 parent=3 xn=0 el=1 warm=false op=2 upper=true allowed=true status=1 retired=2 fetch=2 data=1 completed=1 provider=0 reply=0 level=4294967295 context=0 esr=0x0 pass=true
NXPERM: CASE id=189 granule=4096 profile=1 ap=3 parent=3 xn=0 el=1 warm=false op=3 upper=true allowed=false status=17 retired=0 fetch=1 data=1 completed=0 provider=0 reply=1 level=3 context=3 esr=0x9600004f pass=true
NXPERM: CASE id=190 granule=4096 profile=1 ap=3 parent=3 xn=0 el=1 warm=true op=1 upper=true allowed=true status=1 retired=1 fetch=1 data=0 completed=0 provider=0 reply=0 level=4294967295 context=0 esr=0x0 pass=true
NXPERM: CASE id=191 granule=4096 profile=1 ap=3 parent=3 xn=0 el=1 warm=true op=2 upper=true allowed=true status=1 retired=2 fetch=2 data=1 completed=1 provider=0 reply=0 level=4294967295 context=0 esr=0x0 pass=true
NXPERM: CASE id=192 granule=4096 profile=1 ap=3 parent=3 xn=0 el=1 warm=true op=3 upper=true allowed=false status=17 retired=0 fetch=1 data=1 completed=0 provider=0 reply=1 level=3 context=4 esr=0x9600004f pass=true
NXPERM: CASE id=193 granule=4096 profile=1 ap=1 parent=0 xn=1 el=0 warm=false op=1 upper=true allowed=true status=1 retired=1 fetch=1 data=0 completed=0 provider=0 reply=0 level=4294967295 context=0 esr=0x0 pass=true
NXPERM: CASE id=194 granule=4096 profile=1 ap=1 parent=0 xn=1 el=0 warm=false op=2 upper=true allowed=true status=1 retired=2 fetch=2 data=1 completed=1 provider=0 reply=0 level=4294967295 context=0 esr=0x0 pass=true
NXPERM: CASE id=195 granule=4096 profile=1 ap=1 parent=0 xn=1 el=0 warm=false op=3 upper=true allowed=true status=1 retired=2 fetch=2 data=1 completed=1 provider=0 reply=0 level=4294967295 context=0 esr=0x0 pass=true
NXPERM: CASE id=196 granule=4096 profile=1 ap=1 parent=0 xn=1 el=0 warm=true op=1 upper=true allowed=true status=1 retired=1 fetch=1 data=0 completed=0 provider=0 reply=0 level=4294967295 context=0 esr=0x0 pass=true
NXPERM: CASE id=197 granule=4096 profile=1 ap=1 parent=0 xn=1 el=0 warm=true op=2 upper=true allowed=true status=1 retired=2 fetch=2 data=1 completed=1 provider=0 reply=0 level=4294967295 context=0 esr=0x0 pass=true
NXPERM: CASE id=198 granule=4096 profile=1 ap=1 parent=0 xn=1 el=0 warm=true op=3 upper=true allowed=true status=1 retired=2 fetch=2 data=1 completed=1 provider=0 reply=0 level=4294967295 context=0 esr=0x0 pass=true
NXPERM: CASE id=199 granule=4096 profile=1 ap=1 parent=0 xn=1 el=1 warm=false op=1 upper=false allowed=false status=16 retired=0 fetch=1 data=0 completed=0 provider=0 reply=1 level=3 context=3 esr=0x8600000f pass=true
NXPERM: CASE id=200 granule=4096 profile=1 ap=1 parent=0 xn=1 el=1 warm=false op=2 upper=false allowed=true status=1 retired=2 fetch=2 data=1 completed=1 provider=0 reply=0 level=4294967295 context=0 esr=0x0 pass=true
NXPERM: CASE id=201 granule=4096 profile=1 ap=1 parent=0 xn=1 el=1 warm=false op=3 upper=false allowed=true status=1 retired=2 fetch=2 data=1 completed=1 provider=0 reply=0 level=4294967295 context=0 esr=0x0 pass=true
NXPERM: CASE id=202 granule=4096 profile=1 ap=1 parent=0 xn=1 el=1 warm=true op=1 upper=false allowed=false status=16 retired=0 fetch=1 data=0 completed=0 provider=0 reply=1 level=3 context=4 esr=0x8600000f pass=true
NXPERM: CASE id=203 granule=4096 profile=1 ap=1 parent=0 xn=1 el=1 warm=true op=2 upper=false allowed=true status=1 retired=2 fetch=2 data=1 completed=1 provider=0 reply=0 level=4294967295 context=0 esr=0x0 pass=true
NXPERM: CASE id=204 granule=4096 profile=1 ap=1 parent=0 xn=1 el=1 warm=true op=3 upper=false allowed=true status=1 retired=2 fetch=2 data=1 completed=1 provider=0 reply=0 level=4294967295 context=0 esr=0x0 pass=true
NXPERM: CASE id=205 granule=4096 profile=1 ap=1 parent=2 xn=1 el=0 warm=false op=1 upper=true allowed=true status=1 retired=1 fetch=1 data=0 completed=0 provider=0 reply=0 level=4294967295 context=0 esr=0x0 pass=true
NXPERM: CASE id=206 granule=4096 profile=1 ap=1 parent=2 xn=1 el=0 warm=false op=2 upper=true allowed=true status=1 retired=2 fetch=2 data=1 completed=1 provider=0 reply=0 level=4294967295 context=0 esr=0x0 pass=true
NXPERM: CASE id=207 granule=4096 profile=1 ap=1 parent=2 xn=1 el=0 warm=false op=3 upper=true allowed=false status=17 retired=0 fetch=1 data=1 completed=0 provider=0 reply=1 level=3 context=3 esr=0x9200004f pass=true
NXPERM: CASE id=208 granule=4096 profile=1 ap=1 parent=2 xn=1 el=0 warm=true op=1 upper=true allowed=true status=1 retired=1 fetch=1 data=0 completed=0 provider=0 reply=0 level=4294967295 context=0 esr=0x0 pass=true
NXPERM: CASE id=209 granule=4096 profile=1 ap=1 parent=2 xn=1 el=0 warm=true op=2 upper=true allowed=true status=1 retired=2 fetch=2 data=1 completed=1 provider=0 reply=0 level=4294967295 context=0 esr=0x0 pass=true
NXPERM: CASE id=210 granule=4096 profile=1 ap=1 parent=2 xn=1 el=0 warm=true op=3 upper=true allowed=false status=17 retired=0 fetch=1 data=1 completed=0 provider=0 reply=1 level=3 context=4 esr=0x9200004f pass=true
NXPERM: CASE id=211 granule=4096 profile=1 ap=1 parent=2 xn=1 el=1 warm=false op=1 upper=false allowed=false status=16 retired=0 fetch=1 data=0 completed=0 provider=0 reply=1 level=3 context=3 esr=0x8600000f pass=true
NXPERM: CASE id=212 granule=4096 profile=1 ap=1 parent=2 xn=1 el=1 warm=false op=2 upper=false allowed=true status=1 retired=2 fetch=2 data=1 completed=1 provider=0 reply=0 level=4294967295 context=0 esr=0x0 pass=true
NXPERM: CASE id=213 granule=4096 profile=1 ap=1 parent=2 xn=1 el=1 warm=false op=3 upper=false allowed=false status=17 retired=0 fetch=1 data=1 completed=0 provider=0 reply=1 level=3 context=3 esr=0x9600004f pass=true
NXPERM: CASE id=214 granule=4096 profile=1 ap=1 parent=2 xn=1 el=1 warm=true op=1 upper=false allowed=false status=16 retired=0 fetch=1 data=0 completed=0 provider=0 reply=1 level=3 context=4 esr=0x8600000f pass=true
NXPERM: CASE id=215 granule=4096 profile=1 ap=1 parent=2 xn=1 el=1 warm=true op=2 upper=false allowed=true status=1 retired=2 fetch=2 data=1 completed=1 provider=0 reply=0 level=4294967295 context=0 esr=0x0 pass=true
NXPERM: CASE id=216 granule=4096 profile=1 ap=1 parent=2 xn=1 el=1 warm=true op=3 upper=false allowed=false status=17 retired=0 fetch=1 data=1 completed=0 provider=0 reply=1 level=3 context=4 esr=0x9600004f pass=true
NXPERM: CASE id=217 granule=4096 profile=1 ap=1 parent=0 xn=2 el=0 warm=false op=1 upper=true allowed=false status=16 retired=0 fetch=1 data=0 completed=0 provider=0 reply=1 level=3 context=3 esr=0x8200000f pass=true
NXPERM: CASE id=218 granule=4096 profile=1 ap=1 parent=0 xn=2 el=0 warm=false op=2 upper=true allowed=true status=1 retired=2 fetch=2 data=1 completed=1 provider=0 reply=0 level=4294967295 context=0 esr=0x0 pass=true
NXPERM: CASE id=219 granule=4096 profile=1 ap=1 parent=0 xn=2 el=0 warm=false op=3 upper=true allowed=true status=1 retired=2 fetch=2 data=1 completed=1 provider=0 reply=0 level=4294967295 context=0 esr=0x0 pass=true
NXPERM: CASE id=220 granule=4096 profile=1 ap=1 parent=0 xn=2 el=0 warm=true op=1 upper=true allowed=false status=16 retired=0 fetch=1 data=0 completed=0 provider=0 reply=1 level=3 context=4 esr=0x8200000f pass=true
NXPERM: CASE id=221 granule=4096 profile=1 ap=1 parent=0 xn=2 el=0 warm=true op=2 upper=true allowed=true status=1 retired=2 fetch=2 data=1 completed=1 provider=0 reply=0 level=4294967295 context=0 esr=0x0 pass=true
NXPERM: CASE id=222 granule=4096 profile=1 ap=1 parent=0 xn=2 el=0 warm=true op=3 upper=true allowed=true status=1 retired=2 fetch=2 data=1 completed=1 provider=0 reply=0 level=4294967295 context=0 esr=0x0 pass=true
NXPERM: CASE id=223 granule=4096 profile=1 ap=1 parent=0 xn=2 el=1 warm=false op=1 upper=false allowed=false status=16 retired=0 fetch=1 data=0 completed=0 provider=0 reply=1 level=3 context=3 esr=0x8600000f pass=true
NXPERM: CASE id=224 granule=4096 profile=1 ap=1 parent=0 xn=2 el=1 warm=false op=2 upper=false allowed=true status=1 retired=2 fetch=2 data=1 completed=1 provider=0 reply=0 level=4294967295 context=0 esr=0x0 pass=true
NXPERM: CASE id=225 granule=4096 profile=1 ap=1 parent=0 xn=2 el=1 warm=false op=3 upper=false allowed=true status=1 retired=2 fetch=2 data=1 completed=1 provider=0 reply=0 level=4294967295 context=0 esr=0x0 pass=true
NXPERM: CASE id=226 granule=4096 profile=1 ap=1 parent=0 xn=2 el=1 warm=true op=1 upper=false allowed=false status=16 retired=0 fetch=1 data=0 completed=0 provider=0 reply=1 level=3 context=4 esr=0x8600000f pass=true
NXPERM: CASE id=227 granule=4096 profile=1 ap=1 parent=0 xn=2 el=1 warm=true op=2 upper=false allowed=true status=1 retired=2 fetch=2 data=1 completed=1 provider=0 reply=0 level=4294967295 context=0 esr=0x0 pass=true
NXPERM: CASE id=228 granule=4096 profile=1 ap=1 parent=0 xn=2 el=1 warm=true op=3 upper=false allowed=true status=1 retired=2 fetch=2 data=1 completed=1 provider=0 reply=0 level=4294967295 context=0 esr=0x0 pass=true
NXPERM: CASE id=229 granule=4096 profile=1 ap=1 parent=2 xn=2 el=0 warm=false op=1 upper=true allowed=false status=16 retired=0 fetch=1 data=0 completed=0 provider=0 reply=1 level=3 context=3 esr=0x8200000f pass=true
NXPERM: CASE id=230 granule=4096 profile=1 ap=1 parent=2 xn=2 el=0 warm=false op=2 upper=true allowed=true status=1 retired=2 fetch=2 data=1 completed=1 provider=0 reply=0 level=4294967295 context=0 esr=0x0 pass=true
NXPERM: CASE id=231 granule=4096 profile=1 ap=1 parent=2 xn=2 el=0 warm=false op=3 upper=true allowed=false status=17 retired=0 fetch=1 data=1 completed=0 provider=0 reply=1 level=3 context=3 esr=0x9200004f pass=true
NXPERM: CASE id=232 granule=4096 profile=1 ap=1 parent=2 xn=2 el=0 warm=true op=1 upper=true allowed=false status=16 retired=0 fetch=1 data=0 completed=0 provider=0 reply=1 level=3 context=4 esr=0x8200000f pass=true
NXPERM: CASE id=233 granule=4096 profile=1 ap=1 parent=2 xn=2 el=0 warm=true op=2 upper=true allowed=true status=1 retired=2 fetch=2 data=1 completed=1 provider=0 reply=0 level=4294967295 context=0 esr=0x0 pass=true
NXPERM: CASE id=234 granule=4096 profile=1 ap=1 parent=2 xn=2 el=0 warm=true op=3 upper=true allowed=false status=17 retired=0 fetch=1 data=1 completed=0 provider=0 reply=1 level=3 context=4 esr=0x9200004f pass=true
NXPERM: CASE id=235 granule=4096 profile=1 ap=1 parent=2 xn=2 el=1 warm=false op=1 upper=false allowed=true status=1 retired=1 fetch=1 data=0 completed=0 provider=0 reply=0 level=4294967295 context=0 esr=0x0 pass=true
NXPERM: CASE id=236 granule=4096 profile=1 ap=1 parent=2 xn=2 el=1 warm=false op=2 upper=false allowed=true status=1 retired=2 fetch=2 data=1 completed=1 provider=0 reply=0 level=4294967295 context=0 esr=0x0 pass=true
NXPERM: CASE id=237 granule=4096 profile=1 ap=1 parent=2 xn=2 el=1 warm=false op=3 upper=false allowed=false status=17 retired=0 fetch=1 data=1 completed=0 provider=0 reply=1 level=3 context=3 esr=0x9600004f pass=true
NXPERM: CASE id=238 granule=4096 profile=1 ap=1 parent=2 xn=2 el=1 warm=true op=1 upper=false allowed=true status=1 retired=1 fetch=1 data=0 completed=0 provider=0 reply=0 level=4294967295 context=0 esr=0x0 pass=true
NXPERM: CASE id=239 granule=4096 profile=1 ap=1 parent=2 xn=2 el=1 warm=true op=2 upper=false allowed=true status=1 retired=2 fetch=2 data=1 completed=1 provider=0 reply=0 level=4294967295 context=0 esr=0x0 pass=true
NXPERM: CASE id=240 granule=4096 profile=1 ap=1 parent=2 xn=2 el=1 warm=true op=3 upper=false allowed=false status=17 retired=0 fetch=1 data=1 completed=0 provider=0 reply=1 level=3 context=4 esr=0x9600004f pass=true
NXPERM: CASE id=241 granule=4096 profile=3 ap=0 parent=0 xn=0 el=0 warm=false op=1 upper=false allowed=true status=1 retired=1 fetch=1 data=0 completed=0 provider=0 reply=0 level=4294967295 context=0 esr=0x0 pass=true
NXPERM: CASE id=242 granule=4096 profile=3 ap=0 parent=0 xn=0 el=0 warm=false op=2 upper=false allowed=false status=17 retired=0 fetch=1 data=1 completed=0 provider=0 reply=1 level=3 context=3 esr=0x9200000f pass=true
NXPERM: CASE id=243 granule=4096 profile=3 ap=0 parent=0 xn=0 el=0 warm=false op=3 upper=false allowed=false status=17 retired=0 fetch=1 data=1 completed=0 provider=0 reply=1 level=3 context=3 esr=0x9200004f pass=true
NXPERM: CASE id=244 granule=4096 profile=3 ap=0 parent=0 xn=0 el=0 warm=true op=1 upper=false allowed=true status=1 retired=1 fetch=1 data=0 completed=0 provider=0 reply=0 level=4294967295 context=0 esr=0x0 pass=true
NXPERM: CASE id=245 granule=4096 profile=3 ap=0 parent=0 xn=0 el=0 warm=true op=2 upper=false allowed=false status=17 retired=0 fetch=1 data=1 completed=0 provider=0 reply=1 level=3 context=4 esr=0x9200000f pass=true
NXPERM: CASE id=246 granule=4096 profile=3 ap=0 parent=0 xn=0 el=0 warm=true op=3 upper=false allowed=false status=17 retired=0 fetch=1 data=1 completed=0 provider=0 reply=1 level=3 context=4 esr=0x9200004f pass=true
NXPERM: CASE id=247 granule=4096 profile=3 ap=0 parent=0 xn=0 el=1 warm=false op=1 upper=true allowed=true status=1 retired=1 fetch=1 data=0 completed=0 provider=0 reply=0 level=4294967295 context=0 esr=0x0 pass=true
NXPERM: CASE id=248 granule=4096 profile=3 ap=0 parent=0 xn=0 el=1 warm=false op=2 upper=true allowed=true status=1 retired=2 fetch=2 data=1 completed=1 provider=0 reply=0 level=4294967295 context=0 esr=0x0 pass=true
NXPERM: CASE id=249 granule=4096 profile=3 ap=0 parent=0 xn=0 el=1 warm=false op=3 upper=true allowed=true status=1 retired=2 fetch=2 data=1 completed=1 provider=0 reply=0 level=4294967295 context=0 esr=0x0 pass=true
NXPERM: CASE id=250 granule=4096 profile=3 ap=0 parent=0 xn=0 el=1 warm=true op=1 upper=true allowed=true status=1 retired=1 fetch=1 data=0 completed=0 provider=0 reply=0 level=4294967295 context=0 esr=0x0 pass=true
NXPERM: CASE id=251 granule=4096 profile=3 ap=0 parent=0 xn=0 el=1 warm=true op=2 upper=true allowed=true status=1 retired=2 fetch=2 data=1 completed=1 provider=0 reply=0 level=4294967295 context=0 esr=0x0 pass=true
NXPERM: CASE id=252 granule=4096 profile=3 ap=0 parent=0 xn=0 el=1 warm=true op=3 upper=true allowed=true status=1 retired=2 fetch=2 data=1 completed=1 provider=0 reply=0 level=4294967295 context=0 esr=0x0 pass=true
NXPERM: CASE id=253 granule=4096 profile=3 ap=0 parent=1 xn=0 el=0 warm=false op=1 upper=true allowed=true status=1 retired=1 fetch=1 data=0 completed=0 provider=0 reply=0 level=4294967295 context=0 esr=0x0 pass=true
NXPERM: CASE id=254 granule=4096 profile=3 ap=0 parent=1 xn=0 el=0 warm=false op=2 upper=true allowed=false status=17 retired=0 fetch=1 data=1 completed=0 provider=0 reply=1 level=3 context=3 esr=0x9200000f pass=true
NXPERM: CASE id=255 granule=4096 profile=3 ap=0 parent=1 xn=0 el=0 warm=false op=3 upper=true allowed=false status=17 retired=0 fetch=1 data=1 completed=0 provider=0 reply=1 level=3 context=3 esr=0x9200004f pass=true
NXPERM: CASE id=256 granule=4096 profile=3 ap=0 parent=1 xn=0 el=0 warm=true op=1 upper=true allowed=true status=1 retired=1 fetch=1 data=0 completed=0 provider=0 reply=0 level=4294967295 context=0 esr=0x0 pass=true
NXPERM: CASE id=257 granule=4096 profile=3 ap=0 parent=1 xn=0 el=0 warm=true op=2 upper=true allowed=false status=17 retired=0 fetch=1 data=1 completed=0 provider=0 reply=1 level=3 context=4 esr=0x9200000f pass=true
NXPERM: CASE id=258 granule=4096 profile=3 ap=0 parent=1 xn=0 el=0 warm=true op=3 upper=true allowed=false status=17 retired=0 fetch=1 data=1 completed=0 provider=0 reply=1 level=3 context=4 esr=0x9200004f pass=true
NXPERM: CASE id=259 granule=4096 profile=3 ap=0 parent=1 xn=0 el=1 warm=false op=1 upper=false allowed=true status=1 retired=1 fetch=1 data=0 completed=0 provider=0 reply=0 level=4294967295 context=0 esr=0x0 pass=true
NXPERM: CASE id=260 granule=4096 profile=3 ap=0 parent=1 xn=0 el=1 warm=false op=2 upper=false allowed=true status=1 retired=2 fetch=2 data=1 completed=1 provider=0 reply=0 level=4294967295 context=0 esr=0x0 pass=true
NXPERM: CASE id=261 granule=4096 profile=3 ap=0 parent=1 xn=0 el=1 warm=false op=3 upper=false allowed=true status=1 retired=2 fetch=2 data=1 completed=1 provider=0 reply=0 level=4294967295 context=0 esr=0x0 pass=true
NXPERM: CASE id=262 granule=4096 profile=3 ap=0 parent=1 xn=0 el=1 warm=true op=1 upper=false allowed=true status=1 retired=1 fetch=1 data=0 completed=0 provider=0 reply=0 level=4294967295 context=0 esr=0x0 pass=true
NXPERM: CASE id=263 granule=4096 profile=3 ap=0 parent=1 xn=0 el=1 warm=true op=2 upper=false allowed=true status=1 retired=2 fetch=2 data=1 completed=1 provider=0 reply=0 level=4294967295 context=0 esr=0x0 pass=true
NXPERM: CASE id=264 granule=4096 profile=3 ap=0 parent=1 xn=0 el=1 warm=true op=3 upper=false allowed=true status=1 retired=2 fetch=2 data=1 completed=1 provider=0 reply=0 level=4294967295 context=0 esr=0x0 pass=true
NXPERM: CASE id=265 granule=4096 profile=3 ap=0 parent=2 xn=0 el=0 warm=false op=1 upper=false allowed=true status=1 retired=1 fetch=1 data=0 completed=0 provider=0 reply=0 level=4294967295 context=0 esr=0x0 pass=true
NXPERM: CASE id=266 granule=4096 profile=3 ap=0 parent=2 xn=0 el=0 warm=false op=2 upper=false allowed=false status=17 retired=0 fetch=1 data=1 completed=0 provider=0 reply=1 level=3 context=3 esr=0x9200000f pass=true
NXPERM: CASE id=267 granule=4096 profile=3 ap=0 parent=2 xn=0 el=0 warm=false op=3 upper=false allowed=false status=17 retired=0 fetch=1 data=1 completed=0 provider=0 reply=1 level=3 context=3 esr=0x9200004f pass=true
NXPERM: CASE id=268 granule=4096 profile=3 ap=0 parent=2 xn=0 el=0 warm=true op=1 upper=false allowed=true status=1 retired=1 fetch=1 data=0 completed=0 provider=0 reply=0 level=4294967295 context=0 esr=0x0 pass=true
NXPERM: CASE id=269 granule=4096 profile=3 ap=0 parent=2 xn=0 el=0 warm=true op=2 upper=false allowed=false status=17 retired=0 fetch=1 data=1 completed=0 provider=0 reply=1 level=3 context=4 esr=0x9200000f pass=true
NXPERM: CASE id=270 granule=4096 profile=3 ap=0 parent=2 xn=0 el=0 warm=true op=3 upper=false allowed=false status=17 retired=0 fetch=1 data=1 completed=0 provider=0 reply=1 level=3 context=4 esr=0x9200004f pass=true
NXPERM: CASE id=271 granule=4096 profile=3 ap=0 parent=2 xn=0 el=1 warm=false op=1 upper=true allowed=true status=1 retired=1 fetch=1 data=0 completed=0 provider=0 reply=0 level=4294967295 context=0 esr=0x0 pass=true
NXPERM: CASE id=272 granule=4096 profile=3 ap=0 parent=2 xn=0 el=1 warm=false op=2 upper=true allowed=true status=1 retired=2 fetch=2 data=1 completed=1 provider=0 reply=0 level=4294967295 context=0 esr=0x0 pass=true
NXPERM: CASE id=273 granule=4096 profile=3 ap=0 parent=2 xn=0 el=1 warm=false op=3 upper=true allowed=false status=17 retired=0 fetch=1 data=1 completed=0 provider=0 reply=1 level=3 context=3 esr=0x9600004f pass=true
NXPERM: CASE id=274 granule=4096 profile=3 ap=0 parent=2 xn=0 el=1 warm=true op=1 upper=true allowed=true status=1 retired=1 fetch=1 data=0 completed=0 provider=0 reply=0 level=4294967295 context=0 esr=0x0 pass=true
NXPERM: CASE id=275 granule=4096 profile=3 ap=0 parent=2 xn=0 el=1 warm=true op=2 upper=true allowed=true status=1 retired=2 fetch=2 data=1 completed=1 provider=0 reply=0 level=4294967295 context=0 esr=0x0 pass=true
NXPERM: CASE id=276 granule=4096 profile=3 ap=0 parent=2 xn=0 el=1 warm=true op=3 upper=true allowed=false status=17 retired=0 fetch=1 data=1 completed=0 provider=0 reply=1 level=3 context=4 esr=0x9600004f pass=true
NXPERM: CASE id=277 granule=4096 profile=3 ap=0 parent=3 xn=0 el=0 warm=false op=1 upper=true allowed=true status=1 retired=1 fetch=1 data=0 completed=0 provider=0 reply=0 level=4294967295 context=0 esr=0x0 pass=true
NXPERM: CASE id=278 granule=4096 profile=3 ap=0 parent=3 xn=0 el=0 warm=false op=2 upper=true allowed=false status=17 retired=0 fetch=1 data=1 completed=0 provider=0 reply=1 level=3 context=3 esr=0x9200000f pass=true
NXPERM: CASE id=279 granule=4096 profile=3 ap=0 parent=3 xn=0 el=0 warm=false op=3 upper=true allowed=false status=17 retired=0 fetch=1 data=1 completed=0 provider=0 reply=1 level=3 context=3 esr=0x9200004f pass=true
NXPERM: CASE id=280 granule=4096 profile=3 ap=0 parent=3 xn=0 el=0 warm=true op=1 upper=true allowed=true status=1 retired=1 fetch=1 data=0 completed=0 provider=0 reply=0 level=4294967295 context=0 esr=0x0 pass=true
NXPERM: CASE id=281 granule=4096 profile=3 ap=0 parent=3 xn=0 el=0 warm=true op=2 upper=true allowed=false status=17 retired=0 fetch=1 data=1 completed=0 provider=0 reply=1 level=3 context=4 esr=0x9200000f pass=true
NXPERM: CASE id=282 granule=4096 profile=3 ap=0 parent=3 xn=0 el=0 warm=true op=3 upper=true allowed=false status=17 retired=0 fetch=1 data=1 completed=0 provider=0 reply=1 level=3 context=4 esr=0x9200004f pass=true
NXPERM: CASE id=283 granule=4096 profile=3 ap=0 parent=3 xn=0 el=1 warm=false op=1 upper=false allowed=true status=1 retired=1 fetch=1 data=0 completed=0 provider=0 reply=0 level=4294967295 context=0 esr=0x0 pass=true
NXPERM: CASE id=284 granule=4096 profile=3 ap=0 parent=3 xn=0 el=1 warm=false op=2 upper=false allowed=true status=1 retired=2 fetch=2 data=1 completed=1 provider=0 reply=0 level=4294967295 context=0 esr=0x0 pass=true
NXPERM: CASE id=285 granule=4096 profile=3 ap=0 parent=3 xn=0 el=1 warm=false op=3 upper=false allowed=false status=17 retired=0 fetch=1 data=1 completed=0 provider=0 reply=1 level=3 context=3 esr=0x9600004f pass=true
NXPERM: CASE id=286 granule=4096 profile=3 ap=0 parent=3 xn=0 el=1 warm=true op=1 upper=false allowed=true status=1 retired=1 fetch=1 data=0 completed=0 provider=0 reply=0 level=4294967295 context=0 esr=0x0 pass=true
NXPERM: CASE id=287 granule=4096 profile=3 ap=0 parent=3 xn=0 el=1 warm=true op=2 upper=false allowed=true status=1 retired=2 fetch=2 data=1 completed=1 provider=0 reply=0 level=4294967295 context=0 esr=0x0 pass=true
NXPERM: CASE id=288 granule=4096 profile=3 ap=0 parent=3 xn=0 el=1 warm=true op=3 upper=false allowed=false status=17 retired=0 fetch=1 data=1 completed=0 provider=0 reply=1 level=3 context=4 esr=0x9600004f pass=true
NXPERM: CASE id=289 granule=4096 profile=3 ap=1 parent=0 xn=0 el=0 warm=false op=1 upper=true allowed=true status=1 retired=1 fetch=1 data=0 completed=0 provider=0 reply=0 level=4294967295 context=0 esr=0x0 pass=true
NXPERM: CASE id=290 granule=4096 profile=3 ap=1 parent=0 xn=0 el=0 warm=false op=2 upper=true allowed=true status=1 retired=2 fetch=2 data=1 completed=1 provider=0 reply=0 level=4294967295 context=0 esr=0x0 pass=true
NXPERM: CASE id=291 granule=4096 profile=3 ap=1 parent=0 xn=0 el=0 warm=false op=3 upper=true allowed=true status=1 retired=2 fetch=2 data=1 completed=1 provider=0 reply=0 level=4294967295 context=0 esr=0x0 pass=true
NXPERM: CASE id=292 granule=4096 profile=3 ap=1 parent=0 xn=0 el=0 warm=true op=1 upper=true allowed=true status=1 retired=1 fetch=1 data=0 completed=0 provider=0 reply=0 level=4294967295 context=0 esr=0x0 pass=true
NXPERM: CASE id=293 granule=4096 profile=3 ap=1 parent=0 xn=0 el=0 warm=true op=2 upper=true allowed=true status=1 retired=2 fetch=2 data=1 completed=1 provider=0 reply=0 level=4294967295 context=0 esr=0x0 pass=true
NXPERM: CASE id=294 granule=4096 profile=3 ap=1 parent=0 xn=0 el=0 warm=true op=3 upper=true allowed=true status=1 retired=2 fetch=2 data=1 completed=1 provider=0 reply=0 level=4294967295 context=0 esr=0x0 pass=true
NXPERM: CASE id=295 granule=4096 profile=3 ap=1 parent=0 xn=0 el=1 warm=false op=1 upper=false allowed=false status=16 retired=0 fetch=1 data=0 completed=0 provider=0 reply=1 level=3 context=3 esr=0x8600000f pass=true
NXPERM: CASE id=296 granule=4096 profile=3 ap=1 parent=0 xn=0 el=1 warm=false op=2 upper=false allowed=true status=1 retired=2 fetch=2 data=1 completed=1 provider=0 reply=0 level=4294967295 context=0 esr=0x0 pass=true
NXPERM: CASE id=297 granule=4096 profile=3 ap=1 parent=0 xn=0 el=1 warm=false op=3 upper=false allowed=true status=1 retired=2 fetch=2 data=1 completed=1 provider=0 reply=0 level=4294967295 context=0 esr=0x0 pass=true
NXPERM: CASE id=298 granule=4096 profile=3 ap=1 parent=0 xn=0 el=1 warm=true op=1 upper=false allowed=false status=16 retired=0 fetch=1 data=0 completed=0 provider=0 reply=1 level=3 context=4 esr=0x8600000f pass=true
NXPERM: CASE id=299 granule=4096 profile=3 ap=1 parent=0 xn=0 el=1 warm=true op=2 upper=false allowed=true status=1 retired=2 fetch=2 data=1 completed=1 provider=0 reply=0 level=4294967295 context=0 esr=0x0 pass=true
NXPERM: CASE id=300 granule=4096 profile=3 ap=1 parent=0 xn=0 el=1 warm=true op=3 upper=false allowed=true status=1 retired=2 fetch=2 data=1 completed=1 provider=0 reply=0 level=4294967295 context=0 esr=0x0 pass=true
NXPERM: CASE id=301 granule=4096 profile=3 ap=1 parent=1 xn=0 el=0 warm=false op=1 upper=false allowed=true status=1 retired=1 fetch=1 data=0 completed=0 provider=0 reply=0 level=4294967295 context=0 esr=0x0 pass=true
NXPERM: CASE id=302 granule=4096 profile=3 ap=1 parent=1 xn=0 el=0 warm=false op=2 upper=false allowed=false status=17 retired=0 fetch=1 data=1 completed=0 provider=0 reply=1 level=3 context=3 esr=0x9200000f pass=true
NXPERM: CASE id=303 granule=4096 profile=3 ap=1 parent=1 xn=0 el=0 warm=false op=3 upper=false allowed=false status=17 retired=0 fetch=1 data=1 completed=0 provider=0 reply=1 level=3 context=3 esr=0x9200004f pass=true
NXPERM: CASE id=304 granule=4096 profile=3 ap=1 parent=1 xn=0 el=0 warm=true op=1 upper=false allowed=true status=1 retired=1 fetch=1 data=0 completed=0 provider=0 reply=0 level=4294967295 context=0 esr=0x0 pass=true
NXPERM: CASE id=305 granule=4096 profile=3 ap=1 parent=1 xn=0 el=0 warm=true op=2 upper=false allowed=false status=17 retired=0 fetch=1 data=1 completed=0 provider=0 reply=1 level=3 context=4 esr=0x9200000f pass=true
NXPERM: CASE id=306 granule=4096 profile=3 ap=1 parent=1 xn=0 el=0 warm=true op=3 upper=false allowed=false status=17 retired=0 fetch=1 data=1 completed=0 provider=0 reply=1 level=3 context=4 esr=0x9200004f pass=true
NXPERM: CASE id=307 granule=4096 profile=3 ap=1 parent=1 xn=0 el=1 warm=false op=1 upper=true allowed=true status=1 retired=1 fetch=1 data=0 completed=0 provider=0 reply=0 level=4294967295 context=0 esr=0x0 pass=true
NXPERM: CASE id=308 granule=4096 profile=3 ap=1 parent=1 xn=0 el=1 warm=false op=2 upper=true allowed=true status=1 retired=2 fetch=2 data=1 completed=1 provider=0 reply=0 level=4294967295 context=0 esr=0x0 pass=true
NXPERM: CASE id=309 granule=4096 profile=3 ap=1 parent=1 xn=0 el=1 warm=false op=3 upper=true allowed=true status=1 retired=2 fetch=2 data=1 completed=1 provider=0 reply=0 level=4294967295 context=0 esr=0x0 pass=true
NXPERM: CASE id=310 granule=4096 profile=3 ap=1 parent=1 xn=0 el=1 warm=true op=1 upper=true allowed=true status=1 retired=1 fetch=1 data=0 completed=0 provider=0 reply=0 level=4294967295 context=0 esr=0x0 pass=true
NXPERM: CASE id=311 granule=4096 profile=3 ap=1 parent=1 xn=0 el=1 warm=true op=2 upper=true allowed=true status=1 retired=2 fetch=2 data=1 completed=1 provider=0 reply=0 level=4294967295 context=0 esr=0x0 pass=true
NXPERM: CASE id=312 granule=4096 profile=3 ap=1 parent=1 xn=0 el=1 warm=true op=3 upper=true allowed=true status=1 retired=2 fetch=2 data=1 completed=1 provider=0 reply=0 level=4294967295 context=0 esr=0x0 pass=true
NXPERM: CASE id=313 granule=4096 profile=3 ap=1 parent=2 xn=0 el=0 warm=false op=1 upper=true allowed=true status=1 retired=1 fetch=1 data=0 completed=0 provider=0 reply=0 level=4294967295 context=0 esr=0x0 pass=true
NXPERM: CASE id=314 granule=4096 profile=3 ap=1 parent=2 xn=0 el=0 warm=false op=2 upper=true allowed=true status=1 retired=2 fetch=2 data=1 completed=1 provider=0 reply=0 level=4294967295 context=0 esr=0x0 pass=true
NXPERM: CASE id=315 granule=4096 profile=3 ap=1 parent=2 xn=0 el=0 warm=false op=3 upper=true allowed=false status=17 retired=0 fetch=1 data=1 completed=0 provider=0 reply=1 level=3 context=3 esr=0x9200004f pass=true
NXPERM: CASE id=316 granule=4096 profile=3 ap=1 parent=2 xn=0 el=0 warm=true op=1 upper=true allowed=true status=1 retired=1 fetch=1 data=0 completed=0 provider=0 reply=0 level=4294967295 context=0 esr=0x0 pass=true
NXPERM: CASE id=317 granule=4096 profile=3 ap=1 parent=2 xn=0 el=0 warm=true op=2 upper=true allowed=true status=1 retired=2 fetch=2 data=1 completed=1 provider=0 reply=0 level=4294967295 context=0 esr=0x0 pass=true
NXPERM: CASE id=318 granule=4096 profile=3 ap=1 parent=2 xn=0 el=0 warm=true op=3 upper=true allowed=false status=17 retired=0 fetch=1 data=1 completed=0 provider=0 reply=1 level=3 context=4 esr=0x9200004f pass=true
NXPERM: CASE id=319 granule=4096 profile=3 ap=1 parent=2 xn=0 el=1 warm=false op=1 upper=false allowed=true status=1 retired=1 fetch=1 data=0 completed=0 provider=0 reply=0 level=4294967295 context=0 esr=0x0 pass=true
NXPERM: CASE id=320 granule=4096 profile=3 ap=1 parent=2 xn=0 el=1 warm=false op=2 upper=false allowed=true status=1 retired=2 fetch=2 data=1 completed=1 provider=0 reply=0 level=4294967295 context=0 esr=0x0 pass=true
NXPERM: CASE id=321 granule=4096 profile=3 ap=1 parent=2 xn=0 el=1 warm=false op=3 upper=false allowed=false status=17 retired=0 fetch=1 data=1 completed=0 provider=0 reply=1 level=3 context=3 esr=0x9600004f pass=true
NXPERM: CASE id=322 granule=4096 profile=3 ap=1 parent=2 xn=0 el=1 warm=true op=1 upper=false allowed=true status=1 retired=1 fetch=1 data=0 completed=0 provider=0 reply=0 level=4294967295 context=0 esr=0x0 pass=true
NXPERM: CASE id=323 granule=4096 profile=3 ap=1 parent=2 xn=0 el=1 warm=true op=2 upper=false allowed=true status=1 retired=2 fetch=2 data=1 completed=1 provider=0 reply=0 level=4294967295 context=0 esr=0x0 pass=true
NXPERM: CASE id=324 granule=4096 profile=3 ap=1 parent=2 xn=0 el=1 warm=true op=3 upper=false allowed=false status=17 retired=0 fetch=1 data=1 completed=0 provider=0 reply=1 level=3 context=4 esr=0x9600004f pass=true
NXPERM: CASE id=325 granule=4096 profile=3 ap=1 parent=3 xn=0 el=0 warm=false op=1 upper=false allowed=true status=1 retired=1 fetch=1 data=0 completed=0 provider=0 reply=0 level=4294967295 context=0 esr=0x0 pass=true
NXPERM: CASE id=326 granule=4096 profile=3 ap=1 parent=3 xn=0 el=0 warm=false op=2 upper=false allowed=false status=17 retired=0 fetch=1 data=1 completed=0 provider=0 reply=1 level=3 context=3 esr=0x9200000f pass=true
NXPERM: CASE id=327 granule=4096 profile=3 ap=1 parent=3 xn=0 el=0 warm=false op=3 upper=false allowed=false status=17 retired=0 fetch=1 data=1 completed=0 provider=0 reply=1 level=3 context=3 esr=0x9200004f pass=true
NXPERM: CASE id=328 granule=4096 profile=3 ap=1 parent=3 xn=0 el=0 warm=true op=1 upper=false allowed=true status=1 retired=1 fetch=1 data=0 completed=0 provider=0 reply=0 level=4294967295 context=0 esr=0x0 pass=true
NXPERM: CASE id=329 granule=4096 profile=3 ap=1 parent=3 xn=0 el=0 warm=true op=2 upper=false allowed=false status=17 retired=0 fetch=1 data=1 completed=0 provider=0 reply=1 level=3 context=4 esr=0x9200000f pass=true
NXPERM: CASE id=330 granule=4096 profile=3 ap=1 parent=3 xn=0 el=0 warm=true op=3 upper=false allowed=false status=17 retired=0 fetch=1 data=1 completed=0 provider=0 reply=1 level=3 context=4 esr=0x9200004f pass=true
NXPERM: CASE id=331 granule=4096 profile=3 ap=1 parent=3 xn=0 el=1 warm=false op=1 upper=true allowed=true status=1 retired=1 fetch=1 data=0 completed=0 provider=0 reply=0 level=4294967295 context=0 esr=0x0 pass=true
NXPERM: CASE id=332 granule=4096 profile=3 ap=1 parent=3 xn=0 el=1 warm=false op=2 upper=true allowed=true status=1 retired=2 fetch=2 data=1 completed=1 provider=0 reply=0 level=4294967295 context=0 esr=0x0 pass=true
NXPERM: CASE id=333 granule=4096 profile=3 ap=1 parent=3 xn=0 el=1 warm=false op=3 upper=true allowed=false status=17 retired=0 fetch=1 data=1 completed=0 provider=0 reply=1 level=3 context=3 esr=0x9600004f pass=true
NXPERM: CASE id=334 granule=4096 profile=3 ap=1 parent=3 xn=0 el=1 warm=true op=1 upper=true allowed=true status=1 retired=1 fetch=1 data=0 completed=0 provider=0 reply=0 level=4294967295 context=0 esr=0x0 pass=true
NXPERM: CASE id=335 granule=4096 profile=3 ap=1 parent=3 xn=0 el=1 warm=true op=2 upper=true allowed=true status=1 retired=2 fetch=2 data=1 completed=1 provider=0 reply=0 level=4294967295 context=0 esr=0x0 pass=true
NXPERM: CASE id=336 granule=4096 profile=3 ap=1 parent=3 xn=0 el=1 warm=true op=3 upper=true allowed=false status=17 retired=0 fetch=1 data=1 completed=0 provider=0 reply=1 level=3 context=4 esr=0x9600004f pass=true
NXPERM: CASE id=337 granule=4096 profile=3 ap=2 parent=0 xn=0 el=0 warm=false op=1 upper=false allowed=true status=1 retired=1 fetch=1 data=0 completed=0 provider=0 reply=0 level=4294967295 context=0 esr=0x0 pass=true
NXPERM: CASE id=338 granule=4096 profile=3 ap=2 parent=0 xn=0 el=0 warm=false op=2 upper=false allowed=false status=17 retired=0 fetch=1 data=1 completed=0 provider=0 reply=1 level=3 context=3 esr=0x9200000f pass=true
NXPERM: CASE id=339 granule=4096 profile=3 ap=2 parent=0 xn=0 el=0 warm=false op=3 upper=false allowed=false status=17 retired=0 fetch=1 data=1 completed=0 provider=0 reply=1 level=3 context=3 esr=0x9200004f pass=true
NXPERM: CASE id=340 granule=4096 profile=3 ap=2 parent=0 xn=0 el=0 warm=true op=1 upper=false allowed=true status=1 retired=1 fetch=1 data=0 completed=0 provider=0 reply=0 level=4294967295 context=0 esr=0x0 pass=true
NXPERM: CASE id=341 granule=4096 profile=3 ap=2 parent=0 xn=0 el=0 warm=true op=2 upper=false allowed=false status=17 retired=0 fetch=1 data=1 completed=0 provider=0 reply=1 level=3 context=4 esr=0x9200000f pass=true
NXPERM: CASE id=342 granule=4096 profile=3 ap=2 parent=0 xn=0 el=0 warm=true op=3 upper=false allowed=false status=17 retired=0 fetch=1 data=1 completed=0 provider=0 reply=1 level=3 context=4 esr=0x9200004f pass=true
NXPERM: CASE id=343 granule=4096 profile=3 ap=2 parent=0 xn=0 el=1 warm=false op=1 upper=true allowed=true status=1 retired=1 fetch=1 data=0 completed=0 provider=0 reply=0 level=4294967295 context=0 esr=0x0 pass=true
NXPERM: CASE id=344 granule=4096 profile=3 ap=2 parent=0 xn=0 el=1 warm=false op=2 upper=true allowed=true status=1 retired=2 fetch=2 data=1 completed=1 provider=0 reply=0 level=4294967295 context=0 esr=0x0 pass=true
NXPERM: CASE id=345 granule=4096 profile=3 ap=2 parent=0 xn=0 el=1 warm=false op=3 upper=true allowed=false status=17 retired=0 fetch=1 data=1 completed=0 provider=0 reply=1 level=3 context=3 esr=0x9600004f pass=true
NXPERM: CASE id=346 granule=4096 profile=3 ap=2 parent=0 xn=0 el=1 warm=true op=1 upper=true allowed=true status=1 retired=1 fetch=1 data=0 completed=0 provider=0 reply=0 level=4294967295 context=0 esr=0x0 pass=true
NXPERM: CASE id=347 granule=4096 profile=3 ap=2 parent=0 xn=0 el=1 warm=true op=2 upper=true allowed=true status=1 retired=2 fetch=2 data=1 completed=1 provider=0 reply=0 level=4294967295 context=0 esr=0x0 pass=true
NXPERM: CASE id=348 granule=4096 profile=3 ap=2 parent=0 xn=0 el=1 warm=true op=3 upper=true allowed=false status=17 retired=0 fetch=1 data=1 completed=0 provider=0 reply=1 level=3 context=4 esr=0x9600004f pass=true
NXPERM: CASE id=349 granule=4096 profile=3 ap=2 parent=1 xn=0 el=0 warm=false op=1 upper=true allowed=true status=1 retired=1 fetch=1 data=0 completed=0 provider=0 reply=0 level=4294967295 context=0 esr=0x0 pass=true
NXPERM: CASE id=350 granule=4096 profile=3 ap=2 parent=1 xn=0 el=0 warm=false op=2 upper=true allowed=false status=17 retired=0 fetch=1 data=1 completed=0 provider=0 reply=1 level=3 context=3 esr=0x9200000f pass=true
NXPERM: CASE id=351 granule=4096 profile=3 ap=2 parent=1 xn=0 el=0 warm=false op=3 upper=true allowed=false status=17 retired=0 fetch=1 data=1 completed=0 provider=0 reply=1 level=3 context=3 esr=0x9200004f pass=true
NXPERM: CASE id=352 granule=4096 profile=3 ap=2 parent=1 xn=0 el=0 warm=true op=1 upper=true allowed=true status=1 retired=1 fetch=1 data=0 completed=0 provider=0 reply=0 level=4294967295 context=0 esr=0x0 pass=true
NXPERM: CASE id=353 granule=4096 profile=3 ap=2 parent=1 xn=0 el=0 warm=true op=2 upper=true allowed=false status=17 retired=0 fetch=1 data=1 completed=0 provider=0 reply=1 level=3 context=4 esr=0x9200000f pass=true
NXPERM: CASE id=354 granule=4096 profile=3 ap=2 parent=1 xn=0 el=0 warm=true op=3 upper=true allowed=false status=17 retired=0 fetch=1 data=1 completed=0 provider=0 reply=1 level=3 context=4 esr=0x9200004f pass=true
NXPERM: CASE id=355 granule=4096 profile=3 ap=2 parent=1 xn=0 el=1 warm=false op=1 upper=false allowed=true status=1 retired=1 fetch=1 data=0 completed=0 provider=0 reply=0 level=4294967295 context=0 esr=0x0 pass=true
NXPERM: CASE id=356 granule=4096 profile=3 ap=2 parent=1 xn=0 el=1 warm=false op=2 upper=false allowed=true status=1 retired=2 fetch=2 data=1 completed=1 provider=0 reply=0 level=4294967295 context=0 esr=0x0 pass=true
NXPERM: CASE id=357 granule=4096 profile=3 ap=2 parent=1 xn=0 el=1 warm=false op=3 upper=false allowed=false status=17 retired=0 fetch=1 data=1 completed=0 provider=0 reply=1 level=3 context=3 esr=0x9600004f pass=true
NXPERM: CASE id=358 granule=4096 profile=3 ap=2 parent=1 xn=0 el=1 warm=true op=1 upper=false allowed=true status=1 retired=1 fetch=1 data=0 completed=0 provider=0 reply=0 level=4294967295 context=0 esr=0x0 pass=true
NXPERM: CASE id=359 granule=4096 profile=3 ap=2 parent=1 xn=0 el=1 warm=true op=2 upper=false allowed=true status=1 retired=2 fetch=2 data=1 completed=1 provider=0 reply=0 level=4294967295 context=0 esr=0x0 pass=true
NXPERM: CASE id=360 granule=4096 profile=3 ap=2 parent=1 xn=0 el=1 warm=true op=3 upper=false allowed=false status=17 retired=0 fetch=1 data=1 completed=0 provider=0 reply=1 level=3 context=4 esr=0x9600004f pass=true
NXPERM: CASE id=361 granule=4096 profile=3 ap=2 parent=2 xn=0 el=0 warm=false op=1 upper=false allowed=true status=1 retired=1 fetch=1 data=0 completed=0 provider=0 reply=0 level=4294967295 context=0 esr=0x0 pass=true
NXPERM: CASE id=362 granule=4096 profile=3 ap=2 parent=2 xn=0 el=0 warm=false op=2 upper=false allowed=false status=17 retired=0 fetch=1 data=1 completed=0 provider=0 reply=1 level=3 context=3 esr=0x9200000f pass=true
NXPERM: CASE id=363 granule=4096 profile=3 ap=2 parent=2 xn=0 el=0 warm=false op=3 upper=false allowed=false status=17 retired=0 fetch=1 data=1 completed=0 provider=0 reply=1 level=3 context=3 esr=0x9200004f pass=true
NXPERM: CASE id=364 granule=4096 profile=3 ap=2 parent=2 xn=0 el=0 warm=true op=1 upper=false allowed=true status=1 retired=1 fetch=1 data=0 completed=0 provider=0 reply=0 level=4294967295 context=0 esr=0x0 pass=true
NXPERM: CASE id=365 granule=4096 profile=3 ap=2 parent=2 xn=0 el=0 warm=true op=2 upper=false allowed=false status=17 retired=0 fetch=1 data=1 completed=0 provider=0 reply=1 level=3 context=4 esr=0x9200000f pass=true
NXPERM: CASE id=366 granule=4096 profile=3 ap=2 parent=2 xn=0 el=0 warm=true op=3 upper=false allowed=false status=17 retired=0 fetch=1 data=1 completed=0 provider=0 reply=1 level=3 context=4 esr=0x9200004f pass=true
NXPERM: CASE id=367 granule=4096 profile=3 ap=2 parent=2 xn=0 el=1 warm=false op=1 upper=true allowed=true status=1 retired=1 fetch=1 data=0 completed=0 provider=0 reply=0 level=4294967295 context=0 esr=0x0 pass=true
NXPERM: CASE id=368 granule=4096 profile=3 ap=2 parent=2 xn=0 el=1 warm=false op=2 upper=true allowed=true status=1 retired=2 fetch=2 data=1 completed=1 provider=0 reply=0 level=4294967295 context=0 esr=0x0 pass=true
NXPERM: CASE id=369 granule=4096 profile=3 ap=2 parent=2 xn=0 el=1 warm=false op=3 upper=true allowed=false status=17 retired=0 fetch=1 data=1 completed=0 provider=0 reply=1 level=3 context=3 esr=0x9600004f pass=true
NXPERM: CASE id=370 granule=4096 profile=3 ap=2 parent=2 xn=0 el=1 warm=true op=1 upper=true allowed=true status=1 retired=1 fetch=1 data=0 completed=0 provider=0 reply=0 level=4294967295 context=0 esr=0x0 pass=true
NXPERM: CASE id=371 granule=4096 profile=3 ap=2 parent=2 xn=0 el=1 warm=true op=2 upper=true allowed=true status=1 retired=2 fetch=2 data=1 completed=1 provider=0 reply=0 level=4294967295 context=0 esr=0x0 pass=true
NXPERM: CASE id=372 granule=4096 profile=3 ap=2 parent=2 xn=0 el=1 warm=true op=3 upper=true allowed=false status=17 retired=0 fetch=1 data=1 completed=0 provider=0 reply=1 level=3 context=4 esr=0x9600004f pass=true
NXPERM: CASE id=373 granule=4096 profile=3 ap=2 parent=3 xn=0 el=0 warm=false op=1 upper=true allowed=true status=1 retired=1 fetch=1 data=0 completed=0 provider=0 reply=0 level=4294967295 context=0 esr=0x0 pass=true
NXPERM: CASE id=374 granule=4096 profile=3 ap=2 parent=3 xn=0 el=0 warm=false op=2 upper=true allowed=false status=17 retired=0 fetch=1 data=1 completed=0 provider=0 reply=1 level=3 context=3 esr=0x9200000f pass=true
NXPERM: CASE id=375 granule=4096 profile=3 ap=2 parent=3 xn=0 el=0 warm=false op=3 upper=true allowed=false status=17 retired=0 fetch=1 data=1 completed=0 provider=0 reply=1 level=3 context=3 esr=0x9200004f pass=true
NXPERM: CASE id=376 granule=4096 profile=3 ap=2 parent=3 xn=0 el=0 warm=true op=1 upper=true allowed=true status=1 retired=1 fetch=1 data=0 completed=0 provider=0 reply=0 level=4294967295 context=0 esr=0x0 pass=true
NXPERM: CASE id=377 granule=4096 profile=3 ap=2 parent=3 xn=0 el=0 warm=true op=2 upper=true allowed=false status=17 retired=0 fetch=1 data=1 completed=0 provider=0 reply=1 level=3 context=4 esr=0x9200000f pass=true
NXPERM: CASE id=378 granule=4096 profile=3 ap=2 parent=3 xn=0 el=0 warm=true op=3 upper=true allowed=false status=17 retired=0 fetch=1 data=1 completed=0 provider=0 reply=1 level=3 context=4 esr=0x9200004f pass=true
NXPERM: CASE id=379 granule=4096 profile=3 ap=2 parent=3 xn=0 el=1 warm=false op=1 upper=false allowed=true status=1 retired=1 fetch=1 data=0 completed=0 provider=0 reply=0 level=4294967295 context=0 esr=0x0 pass=true
NXPERM: CASE id=380 granule=4096 profile=3 ap=2 parent=3 xn=0 el=1 warm=false op=2 upper=false allowed=true status=1 retired=2 fetch=2 data=1 completed=1 provider=0 reply=0 level=4294967295 context=0 esr=0x0 pass=true
NXPERM: CASE id=381 granule=4096 profile=3 ap=2 parent=3 xn=0 el=1 warm=false op=3 upper=false allowed=false status=17 retired=0 fetch=1 data=1 completed=0 provider=0 reply=1 level=3 context=3 esr=0x9600004f pass=true
NXPERM: CASE id=382 granule=4096 profile=3 ap=2 parent=3 xn=0 el=1 warm=true op=1 upper=false allowed=true status=1 retired=1 fetch=1 data=0 completed=0 provider=0 reply=0 level=4294967295 context=0 esr=0x0 pass=true
NXPERM: CASE id=383 granule=4096 profile=3 ap=2 parent=3 xn=0 el=1 warm=true op=2 upper=false allowed=true status=1 retired=2 fetch=2 data=1 completed=1 provider=0 reply=0 level=4294967295 context=0 esr=0x0 pass=true
NXPERM: CASE id=384 granule=4096 profile=3 ap=2 parent=3 xn=0 el=1 warm=true op=3 upper=false allowed=false status=17 retired=0 fetch=1 data=1 completed=0 provider=0 reply=1 level=3 context=4 esr=0x9600004f pass=true
NXPERM: CASE id=385 granule=4096 profile=3 ap=3 parent=0 xn=0 el=0 warm=false op=1 upper=true allowed=true status=1 retired=1 fetch=1 data=0 completed=0 provider=0 reply=0 level=4294967295 context=0 esr=0x0 pass=true
NXPERM: CASE id=386 granule=4096 profile=3 ap=3 parent=0 xn=0 el=0 warm=false op=2 upper=true allowed=true status=1 retired=2 fetch=2 data=1 completed=1 provider=0 reply=0 level=4294967295 context=0 esr=0x0 pass=true
NXPERM: CASE id=387 granule=4096 profile=3 ap=3 parent=0 xn=0 el=0 warm=false op=3 upper=true allowed=false status=17 retired=0 fetch=1 data=1 completed=0 provider=0 reply=1 level=3 context=3 esr=0x9200004f pass=true
NXPERM: CASE id=388 granule=4096 profile=3 ap=3 parent=0 xn=0 el=0 warm=true op=1 upper=true allowed=true status=1 retired=1 fetch=1 data=0 completed=0 provider=0 reply=0 level=4294967295 context=0 esr=0x0 pass=true
NXPERM: CASE id=389 granule=4096 profile=3 ap=3 parent=0 xn=0 el=0 warm=true op=2 upper=true allowed=true status=1 retired=2 fetch=2 data=1 completed=1 provider=0 reply=0 level=4294967295 context=0 esr=0x0 pass=true
NXPERM: CASE id=390 granule=4096 profile=3 ap=3 parent=0 xn=0 el=0 warm=true op=3 upper=true allowed=false status=17 retired=0 fetch=1 data=1 completed=0 provider=0 reply=1 level=3 context=4 esr=0x9200004f pass=true
NXPERM: CASE id=391 granule=4096 profile=3 ap=3 parent=0 xn=0 el=1 warm=false op=1 upper=false allowed=true status=1 retired=1 fetch=1 data=0 completed=0 provider=0 reply=0 level=4294967295 context=0 esr=0x0 pass=true
NXPERM: CASE id=392 granule=4096 profile=3 ap=3 parent=0 xn=0 el=1 warm=false op=2 upper=false allowed=true status=1 retired=2 fetch=2 data=1 completed=1 provider=0 reply=0 level=4294967295 context=0 esr=0x0 pass=true
NXPERM: CASE id=393 granule=4096 profile=3 ap=3 parent=0 xn=0 el=1 warm=false op=3 upper=false allowed=false status=17 retired=0 fetch=1 data=1 completed=0 provider=0 reply=1 level=3 context=3 esr=0x9600004f pass=true
NXPERM: CASE id=394 granule=4096 profile=3 ap=3 parent=0 xn=0 el=1 warm=true op=1 upper=false allowed=true status=1 retired=1 fetch=1 data=0 completed=0 provider=0 reply=0 level=4294967295 context=0 esr=0x0 pass=true
NXPERM: CASE id=395 granule=4096 profile=3 ap=3 parent=0 xn=0 el=1 warm=true op=2 upper=false allowed=true status=1 retired=2 fetch=2 data=1 completed=1 provider=0 reply=0 level=4294967295 context=0 esr=0x0 pass=true
NXPERM: CASE id=396 granule=4096 profile=3 ap=3 parent=0 xn=0 el=1 warm=true op=3 upper=false allowed=false status=17 retired=0 fetch=1 data=1 completed=0 provider=0 reply=1 level=3 context=4 esr=0x9600004f pass=true
NXPERM: CASE id=397 granule=4096 profile=3 ap=3 parent=1 xn=0 el=0 warm=false op=1 upper=false allowed=true status=1 retired=1 fetch=1 data=0 completed=0 provider=0 reply=0 level=4294967295 context=0 esr=0x0 pass=true
NXPERM: CASE id=398 granule=4096 profile=3 ap=3 parent=1 xn=0 el=0 warm=false op=2 upper=false allowed=false status=17 retired=0 fetch=1 data=1 completed=0 provider=0 reply=1 level=3 context=3 esr=0x9200000f pass=true
NXPERM: CASE id=399 granule=4096 profile=3 ap=3 parent=1 xn=0 el=0 warm=false op=3 upper=false allowed=false status=17 retired=0 fetch=1 data=1 completed=0 provider=0 reply=1 level=3 context=3 esr=0x9200004f pass=true
NXPERM: CASE id=400 granule=4096 profile=3 ap=3 parent=1 xn=0 el=0 warm=true op=1 upper=false allowed=true status=1 retired=1 fetch=1 data=0 completed=0 provider=0 reply=0 level=4294967295 context=0 esr=0x0 pass=true
NXPERM: CASE id=401 granule=4096 profile=3 ap=3 parent=1 xn=0 el=0 warm=true op=2 upper=false allowed=false status=17 retired=0 fetch=1 data=1 completed=0 provider=0 reply=1 level=3 context=4 esr=0x9200000f pass=true
NXPERM: CASE id=402 granule=4096 profile=3 ap=3 parent=1 xn=0 el=0 warm=true op=3 upper=false allowed=false status=17 retired=0 fetch=1 data=1 completed=0 provider=0 reply=1 level=3 context=4 esr=0x9200004f pass=true
NXPERM: CASE id=403 granule=4096 profile=3 ap=3 parent=1 xn=0 el=1 warm=false op=1 upper=true allowed=true status=1 retired=1 fetch=1 data=0 completed=0 provider=0 reply=0 level=4294967295 context=0 esr=0x0 pass=true
NXPERM: CASE id=404 granule=4096 profile=3 ap=3 parent=1 xn=0 el=1 warm=false op=2 upper=true allowed=true status=1 retired=2 fetch=2 data=1 completed=1 provider=0 reply=0 level=4294967295 context=0 esr=0x0 pass=true
NXPERM: CASE id=405 granule=4096 profile=3 ap=3 parent=1 xn=0 el=1 warm=false op=3 upper=true allowed=false status=17 retired=0 fetch=1 data=1 completed=0 provider=0 reply=1 level=3 context=3 esr=0x9600004f pass=true
NXPERM: CASE id=406 granule=4096 profile=3 ap=3 parent=1 xn=0 el=1 warm=true op=1 upper=true allowed=true status=1 retired=1 fetch=1 data=0 completed=0 provider=0 reply=0 level=4294967295 context=0 esr=0x0 pass=true
NXPERM: CASE id=407 granule=4096 profile=3 ap=3 parent=1 xn=0 el=1 warm=true op=2 upper=true allowed=true status=1 retired=2 fetch=2 data=1 completed=1 provider=0 reply=0 level=4294967295 context=0 esr=0x0 pass=true
NXPERM: CASE id=408 granule=4096 profile=3 ap=3 parent=1 xn=0 el=1 warm=true op=3 upper=true allowed=false status=17 retired=0 fetch=1 data=1 completed=0 provider=0 reply=1 level=3 context=4 esr=0x9600004f pass=true
NXPERM: CASE id=409 granule=4096 profile=3 ap=3 parent=2 xn=0 el=0 warm=false op=1 upper=true allowed=true status=1 retired=1 fetch=1 data=0 completed=0 provider=0 reply=0 level=4294967295 context=0 esr=0x0 pass=true
NXPERM: CASE id=410 granule=4096 profile=3 ap=3 parent=2 xn=0 el=0 warm=false op=2 upper=true allowed=true status=1 retired=2 fetch=2 data=1 completed=1 provider=0 reply=0 level=4294967295 context=0 esr=0x0 pass=true
NXPERM: CASE id=411 granule=4096 profile=3 ap=3 parent=2 xn=0 el=0 warm=false op=3 upper=true allowed=false status=17 retired=0 fetch=1 data=1 completed=0 provider=0 reply=1 level=3 context=3 esr=0x9200004f pass=true
NXPERM: CASE id=412 granule=4096 profile=3 ap=3 parent=2 xn=0 el=0 warm=true op=1 upper=true allowed=true status=1 retired=1 fetch=1 data=0 completed=0 provider=0 reply=0 level=4294967295 context=0 esr=0x0 pass=true
NXPERM: CASE id=413 granule=4096 profile=3 ap=3 parent=2 xn=0 el=0 warm=true op=2 upper=true allowed=true status=1 retired=2 fetch=2 data=1 completed=1 provider=0 reply=0 level=4294967295 context=0 esr=0x0 pass=true
NXPERM: CASE id=414 granule=4096 profile=3 ap=3 parent=2 xn=0 el=0 warm=true op=3 upper=true allowed=false status=17 retired=0 fetch=1 data=1 completed=0 provider=0 reply=1 level=3 context=4 esr=0x9200004f pass=true
NXPERM: CASE id=415 granule=4096 profile=3 ap=3 parent=2 xn=0 el=1 warm=false op=1 upper=false allowed=true status=1 retired=1 fetch=1 data=0 completed=0 provider=0 reply=0 level=4294967295 context=0 esr=0x0 pass=true
NXPERM: CASE id=416 granule=4096 profile=3 ap=3 parent=2 xn=0 el=1 warm=false op=2 upper=false allowed=true status=1 retired=2 fetch=2 data=1 completed=1 provider=0 reply=0 level=4294967295 context=0 esr=0x0 pass=true
NXPERM: CASE id=417 granule=4096 profile=3 ap=3 parent=2 xn=0 el=1 warm=false op=3 upper=false allowed=false status=17 retired=0 fetch=1 data=1 completed=0 provider=0 reply=1 level=3 context=3 esr=0x9600004f pass=true
NXPERM: CASE id=418 granule=4096 profile=3 ap=3 parent=2 xn=0 el=1 warm=true op=1 upper=false allowed=true status=1 retired=1 fetch=1 data=0 completed=0 provider=0 reply=0 level=4294967295 context=0 esr=0x0 pass=true
NXPERM: CASE id=419 granule=4096 profile=3 ap=3 parent=2 xn=0 el=1 warm=true op=2 upper=false allowed=true status=1 retired=2 fetch=2 data=1 completed=1 provider=0 reply=0 level=4294967295 context=0 esr=0x0 pass=true
NXPERM: CASE id=420 granule=4096 profile=3 ap=3 parent=2 xn=0 el=1 warm=true op=3 upper=false allowed=false status=17 retired=0 fetch=1 data=1 completed=0 provider=0 reply=1 level=3 context=4 esr=0x9600004f pass=true
NXPERM: CASE id=421 granule=4096 profile=3 ap=3 parent=3 xn=0 el=0 warm=false op=1 upper=false allowed=true status=1 retired=1 fetch=1 data=0 completed=0 provider=0 reply=0 level=4294967295 context=0 esr=0x0 pass=true
NXPERM: CASE id=422 granule=4096 profile=3 ap=3 parent=3 xn=0 el=0 warm=false op=2 upper=false allowed=false status=17 retired=0 fetch=1 data=1 completed=0 provider=0 reply=1 level=3 context=3 esr=0x9200000f pass=true
NXPERM: CASE id=423 granule=4096 profile=3 ap=3 parent=3 xn=0 el=0 warm=false op=3 upper=false allowed=false status=17 retired=0 fetch=1 data=1 completed=0 provider=0 reply=1 level=3 context=3 esr=0x9200004f pass=true
NXPERM: CASE id=424 granule=4096 profile=3 ap=3 parent=3 xn=0 el=0 warm=true op=1 upper=false allowed=true status=1 retired=1 fetch=1 data=0 completed=0 provider=0 reply=0 level=4294967295 context=0 esr=0x0 pass=true
NXPERM: CASE id=425 granule=4096 profile=3 ap=3 parent=3 xn=0 el=0 warm=true op=2 upper=false allowed=false status=17 retired=0 fetch=1 data=1 completed=0 provider=0 reply=1 level=3 context=4 esr=0x9200000f pass=true
NXPERM: CASE id=426 granule=4096 profile=3 ap=3 parent=3 xn=0 el=0 warm=true op=3 upper=false allowed=false status=17 retired=0 fetch=1 data=1 completed=0 provider=0 reply=1 level=3 context=4 esr=0x9200004f pass=true
NXPERM: CASE id=427 granule=4096 profile=3 ap=3 parent=3 xn=0 el=1 warm=false op=1 upper=true allowed=true status=1 retired=1 fetch=1 data=0 completed=0 provider=0 reply=0 level=4294967295 context=0 esr=0x0 pass=true
NXPERM: CASE id=428 granule=4096 profile=3 ap=3 parent=3 xn=0 el=1 warm=false op=2 upper=true allowed=true status=1 retired=2 fetch=2 data=1 completed=1 provider=0 reply=0 level=4294967295 context=0 esr=0x0 pass=true
NXPERM: CASE id=429 granule=4096 profile=3 ap=3 parent=3 xn=0 el=1 warm=false op=3 upper=true allowed=false status=17 retired=0 fetch=1 data=1 completed=0 provider=0 reply=1 level=3 context=3 esr=0x9600004f pass=true
NXPERM: CASE id=430 granule=4096 profile=3 ap=3 parent=3 xn=0 el=1 warm=true op=1 upper=true allowed=true status=1 retired=1 fetch=1 data=0 completed=0 provider=0 reply=0 level=4294967295 context=0 esr=0x0 pass=true
NXPERM: CASE id=431 granule=4096 profile=3 ap=3 parent=3 xn=0 el=1 warm=true op=2 upper=true allowed=true status=1 retired=2 fetch=2 data=1 completed=1 provider=0 reply=0 level=4294967295 context=0 esr=0x0 pass=true
NXPERM: CASE id=432 granule=4096 profile=3 ap=3 parent=3 xn=0 el=1 warm=true op=3 upper=true allowed=false status=17 retired=0 fetch=1 data=1 completed=0 provider=0 reply=1 level=3 context=4 esr=0x9600004f pass=true
NXPERM: CASE id=433 granule=4096 profile=3 ap=1 parent=0 xn=1 el=0 warm=false op=1 upper=true allowed=true status=1 retired=1 fetch=1 data=0 completed=0 provider=0 reply=0 level=4294967295 context=0 esr=0x0 pass=true
NXPERM: CASE id=434 granule=4096 profile=3 ap=1 parent=0 xn=1 el=0 warm=false op=2 upper=true allowed=true status=1 retired=2 fetch=2 data=1 completed=1 provider=0 reply=0 level=4294967295 context=0 esr=0x0 pass=true
NXPERM: CASE id=435 granule=4096 profile=3 ap=1 parent=0 xn=1 el=0 warm=false op=3 upper=true allowed=true status=1 retired=2 fetch=2 data=1 completed=1 provider=0 reply=0 level=4294967295 context=0 esr=0x0 pass=true
NXPERM: CASE id=436 granule=4096 profile=3 ap=1 parent=0 xn=1 el=0 warm=true op=1 upper=true allowed=true status=1 retired=1 fetch=1 data=0 completed=0 provider=0 reply=0 level=4294967295 context=0 esr=0x0 pass=true
NXPERM: CASE id=437 granule=4096 profile=3 ap=1 parent=0 xn=1 el=0 warm=true op=2 upper=true allowed=true status=1 retired=2 fetch=2 data=1 completed=1 provider=0 reply=0 level=4294967295 context=0 esr=0x0 pass=true
NXPERM: CASE id=438 granule=4096 profile=3 ap=1 parent=0 xn=1 el=0 warm=true op=3 upper=true allowed=true status=1 retired=2 fetch=2 data=1 completed=1 provider=0 reply=0 level=4294967295 context=0 esr=0x0 pass=true
NXPERM: CASE id=439 granule=4096 profile=3 ap=1 parent=0 xn=1 el=1 warm=false op=1 upper=false allowed=false status=16 retired=0 fetch=1 data=0 completed=0 provider=0 reply=1 level=3 context=3 esr=0x8600000f pass=true
NXPERM: CASE id=440 granule=4096 profile=3 ap=1 parent=0 xn=1 el=1 warm=false op=2 upper=false allowed=true status=1 retired=2 fetch=2 data=1 completed=1 provider=0 reply=0 level=4294967295 context=0 esr=0x0 pass=true
NXPERM: CASE id=441 granule=4096 profile=3 ap=1 parent=0 xn=1 el=1 warm=false op=3 upper=false allowed=true status=1 retired=2 fetch=2 data=1 completed=1 provider=0 reply=0 level=4294967295 context=0 esr=0x0 pass=true
NXPERM: CASE id=442 granule=4096 profile=3 ap=1 parent=0 xn=1 el=1 warm=true op=1 upper=false allowed=false status=16 retired=0 fetch=1 data=0 completed=0 provider=0 reply=1 level=3 context=4 esr=0x8600000f pass=true
NXPERM: CASE id=443 granule=4096 profile=3 ap=1 parent=0 xn=1 el=1 warm=true op=2 upper=false allowed=true status=1 retired=2 fetch=2 data=1 completed=1 provider=0 reply=0 level=4294967295 context=0 esr=0x0 pass=true
NXPERM: CASE id=444 granule=4096 profile=3 ap=1 parent=0 xn=1 el=1 warm=true op=3 upper=false allowed=true status=1 retired=2 fetch=2 data=1 completed=1 provider=0 reply=0 level=4294967295 context=0 esr=0x0 pass=true
NXPERM: CASE id=445 granule=4096 profile=3 ap=1 parent=2 xn=1 el=0 warm=false op=1 upper=true allowed=true status=1 retired=1 fetch=1 data=0 completed=0 provider=0 reply=0 level=4294967295 context=0 esr=0x0 pass=true
NXPERM: CASE id=446 granule=4096 profile=3 ap=1 parent=2 xn=1 el=0 warm=false op=2 upper=true allowed=true status=1 retired=2 fetch=2 data=1 completed=1 provider=0 reply=0 level=4294967295 context=0 esr=0x0 pass=true
NXPERM: CASE id=447 granule=4096 profile=3 ap=1 parent=2 xn=1 el=0 warm=false op=3 upper=true allowed=false status=17 retired=0 fetch=1 data=1 completed=0 provider=0 reply=1 level=3 context=3 esr=0x9200004f pass=true
NXPERM: CASE id=448 granule=4096 profile=3 ap=1 parent=2 xn=1 el=0 warm=true op=1 upper=true allowed=true status=1 retired=1 fetch=1 data=0 completed=0 provider=0 reply=0 level=4294967295 context=0 esr=0x0 pass=true
NXPERM: CASE id=449 granule=4096 profile=3 ap=1 parent=2 xn=1 el=0 warm=true op=2 upper=true allowed=true status=1 retired=2 fetch=2 data=1 completed=1 provider=0 reply=0 level=4294967295 context=0 esr=0x0 pass=true
NXPERM: CASE id=450 granule=4096 profile=3 ap=1 parent=2 xn=1 el=0 warm=true op=3 upper=true allowed=false status=17 retired=0 fetch=1 data=1 completed=0 provider=0 reply=1 level=3 context=4 esr=0x9200004f pass=true
NXPERM: CASE id=451 granule=4096 profile=3 ap=1 parent=2 xn=1 el=1 warm=false op=1 upper=false allowed=false status=16 retired=0 fetch=1 data=0 completed=0 provider=0 reply=1 level=3 context=3 esr=0x8600000f pass=true
NXPERM: CASE id=452 granule=4096 profile=3 ap=1 parent=2 xn=1 el=1 warm=false op=2 upper=false allowed=true status=1 retired=2 fetch=2 data=1 completed=1 provider=0 reply=0 level=4294967295 context=0 esr=0x0 pass=true
NXPERM: CASE id=453 granule=4096 profile=3 ap=1 parent=2 xn=1 el=1 warm=false op=3 upper=false allowed=false status=17 retired=0 fetch=1 data=1 completed=0 provider=0 reply=1 level=3 context=3 esr=0x9600004f pass=true
NXPERM: CASE id=454 granule=4096 profile=3 ap=1 parent=2 xn=1 el=1 warm=true op=1 upper=false allowed=false status=16 retired=0 fetch=1 data=0 completed=0 provider=0 reply=1 level=3 context=4 esr=0x8600000f pass=true
NXPERM: CASE id=455 granule=4096 profile=3 ap=1 parent=2 xn=1 el=1 warm=true op=2 upper=false allowed=true status=1 retired=2 fetch=2 data=1 completed=1 provider=0 reply=0 level=4294967295 context=0 esr=0x0 pass=true
NXPERM: CASE id=456 granule=4096 profile=3 ap=1 parent=2 xn=1 el=1 warm=true op=3 upper=false allowed=false status=17 retired=0 fetch=1 data=1 completed=0 provider=0 reply=1 level=3 context=4 esr=0x9600004f pass=true
NXPERM: CASE id=457 granule=4096 profile=3 ap=1 parent=0 xn=2 el=0 warm=false op=1 upper=true allowed=false status=16 retired=0 fetch=1 data=0 completed=0 provider=0 reply=1 level=3 context=3 esr=0x8200000f pass=true
NXPERM: CASE id=458 granule=4096 profile=3 ap=1 parent=0 xn=2 el=0 warm=false op=2 upper=true allowed=true status=1 retired=2 fetch=2 data=1 completed=1 provider=0 reply=0 level=4294967295 context=0 esr=0x0 pass=true
NXPERM: CASE id=459 granule=4096 profile=3 ap=1 parent=0 xn=2 el=0 warm=false op=3 upper=true allowed=true status=1 retired=2 fetch=2 data=1 completed=1 provider=0 reply=0 level=4294967295 context=0 esr=0x0 pass=true
NXPERM: CASE id=460 granule=4096 profile=3 ap=1 parent=0 xn=2 el=0 warm=true op=1 upper=true allowed=false status=16 retired=0 fetch=1 data=0 completed=0 provider=0 reply=1 level=3 context=4 esr=0x8200000f pass=true
NXPERM: CASE id=461 granule=4096 profile=3 ap=1 parent=0 xn=2 el=0 warm=true op=2 upper=true allowed=true status=1 retired=2 fetch=2 data=1 completed=1 provider=0 reply=0 level=4294967295 context=0 esr=0x0 pass=true
NXPERM: CASE id=462 granule=4096 profile=3 ap=1 parent=0 xn=2 el=0 warm=true op=3 upper=true allowed=true status=1 retired=2 fetch=2 data=1 completed=1 provider=0 reply=0 level=4294967295 context=0 esr=0x0 pass=true
NXPERM: CASE id=463 granule=4096 profile=3 ap=1 parent=0 xn=2 el=1 warm=false op=1 upper=false allowed=false status=16 retired=0 fetch=1 data=0 completed=0 provider=0 reply=1 level=3 context=3 esr=0x8600000f pass=true
NXPERM: CASE id=464 granule=4096 profile=3 ap=1 parent=0 xn=2 el=1 warm=false op=2 upper=false allowed=true status=1 retired=2 fetch=2 data=1 completed=1 provider=0 reply=0 level=4294967295 context=0 esr=0x0 pass=true
NXPERM: CASE id=465 granule=4096 profile=3 ap=1 parent=0 xn=2 el=1 warm=false op=3 upper=false allowed=true status=1 retired=2 fetch=2 data=1 completed=1 provider=0 reply=0 level=4294967295 context=0 esr=0x0 pass=true
NXPERM: CASE id=466 granule=4096 profile=3 ap=1 parent=0 xn=2 el=1 warm=true op=1 upper=false allowed=false status=16 retired=0 fetch=1 data=0 completed=0 provider=0 reply=1 level=3 context=4 esr=0x8600000f pass=true
NXPERM: CASE id=467 granule=4096 profile=3 ap=1 parent=0 xn=2 el=1 warm=true op=2 upper=false allowed=true status=1 retired=2 fetch=2 data=1 completed=1 provider=0 reply=0 level=4294967295 context=0 esr=0x0 pass=true
NXPERM: CASE id=468 granule=4096 profile=3 ap=1 parent=0 xn=2 el=1 warm=true op=3 upper=false allowed=true status=1 retired=2 fetch=2 data=1 completed=1 provider=0 reply=0 level=4294967295 context=0 esr=0x0 pass=true
NXPERM: CASE id=469 granule=4096 profile=3 ap=1 parent=2 xn=2 el=0 warm=false op=1 upper=true allowed=false status=16 retired=0 fetch=1 data=0 completed=0 provider=0 reply=1 level=3 context=3 esr=0x8200000f pass=true
NXPERM: CASE id=470 granule=4096 profile=3 ap=1 parent=2 xn=2 el=0 warm=false op=2 upper=true allowed=true status=1 retired=2 fetch=2 data=1 completed=1 provider=0 reply=0 level=4294967295 context=0 esr=0x0 pass=true
NXPERM: CASE id=471 granule=4096 profile=3 ap=1 parent=2 xn=2 el=0 warm=false op=3 upper=true allowed=false status=17 retired=0 fetch=1 data=1 completed=0 provider=0 reply=1 level=3 context=3 esr=0x9200004f pass=true
NXPERM: CASE id=472 granule=4096 profile=3 ap=1 parent=2 xn=2 el=0 warm=true op=1 upper=true allowed=false status=16 retired=0 fetch=1 data=0 completed=0 provider=0 reply=1 level=3 context=4 esr=0x8200000f pass=true
NXPERM: CASE id=473 granule=4096 profile=3 ap=1 parent=2 xn=2 el=0 warm=true op=2 upper=true allowed=true status=1 retired=2 fetch=2 data=1 completed=1 provider=0 reply=0 level=4294967295 context=0 esr=0x0 pass=true
NXPERM: CASE id=474 granule=4096 profile=3 ap=1 parent=2 xn=2 el=0 warm=true op=3 upper=true allowed=false status=17 retired=0 fetch=1 data=1 completed=0 provider=0 reply=1 level=3 context=4 esr=0x9200004f pass=true
NXPERM: CASE id=475 granule=4096 profile=3 ap=1 parent=2 xn=2 el=1 warm=false op=1 upper=false allowed=true status=1 retired=1 fetch=1 data=0 completed=0 provider=0 reply=0 level=4294967295 context=0 esr=0x0 pass=true
NXPERM: CASE id=476 granule=4096 profile=3 ap=1 parent=2 xn=2 el=1 warm=false op=2 upper=false allowed=true status=1 retired=2 fetch=2 data=1 completed=1 provider=0 reply=0 level=4294967295 context=0 esr=0x0 pass=true
NXPERM: CASE id=477 granule=4096 profile=3 ap=1 parent=2 xn=2 el=1 warm=false op=3 upper=false allowed=false status=17 retired=0 fetch=1 data=1 completed=0 provider=0 reply=1 level=3 context=3 esr=0x9600004f pass=true
NXPERM: CASE id=478 granule=4096 profile=3 ap=1 parent=2 xn=2 el=1 warm=true op=1 upper=false allowed=true status=1 retired=1 fetch=1 data=0 completed=0 provider=0 reply=0 level=4294967295 context=0 esr=0x0 pass=true
NXPERM: CASE id=479 granule=4096 profile=3 ap=1 parent=2 xn=2 el=1 warm=true op=2 upper=false allowed=true status=1 retired=2 fetch=2 data=1 completed=1 provider=0 reply=0 level=4294967295 context=0 esr=0x0 pass=true
NXPERM: CASE id=480 granule=4096 profile=3 ap=1 parent=2 xn=2 el=1 warm=true op=3 upper=false allowed=false status=17 retired=0 fetch=1 data=1 completed=0 provider=0 reply=1 level=3 context=4 esr=0x9600004f pass=true
NXPERM: CASE id=481 granule=16384 profile=1 ap=0 parent=0 xn=0 el=0 warm=false op=1 upper=false allowed=true status=1 retired=1 fetch=1 data=0 completed=0 provider=0 reply=0 level=4294967295 context=0 esr=0x0 pass=true
NXPERM: CASE id=482 granule=16384 profile=1 ap=0 parent=0 xn=0 el=0 warm=false op=2 upper=false allowed=false status=17 retired=0 fetch=1 data=1 completed=0 provider=0 reply=1 level=3 context=3 esr=0x9200000f pass=true
NXPERM: CASE id=483 granule=16384 profile=1 ap=0 parent=0 xn=0 el=0 warm=false op=3 upper=false allowed=false status=17 retired=0 fetch=1 data=1 completed=0 provider=0 reply=1 level=3 context=3 esr=0x9200004f pass=true
NXPERM: CASE id=484 granule=16384 profile=1 ap=0 parent=0 xn=0 el=0 warm=true op=1 upper=false allowed=true status=1 retired=1 fetch=1 data=0 completed=0 provider=0 reply=0 level=4294967295 context=0 esr=0x0 pass=true
NXPERM: CASE id=485 granule=16384 profile=1 ap=0 parent=0 xn=0 el=0 warm=true op=2 upper=false allowed=false status=17 retired=0 fetch=1 data=1 completed=0 provider=0 reply=1 level=3 context=4 esr=0x9200000f pass=true
NXPERM: CASE id=486 granule=16384 profile=1 ap=0 parent=0 xn=0 el=0 warm=true op=3 upper=false allowed=false status=17 retired=0 fetch=1 data=1 completed=0 provider=0 reply=1 level=3 context=4 esr=0x9200004f pass=true
NXPERM: CASE id=487 granule=16384 profile=1 ap=0 parent=0 xn=0 el=1 warm=false op=1 upper=true allowed=true status=1 retired=1 fetch=1 data=0 completed=0 provider=0 reply=0 level=4294967295 context=0 esr=0x0 pass=true
NXPERM: CASE id=488 granule=16384 profile=1 ap=0 parent=0 xn=0 el=1 warm=false op=2 upper=true allowed=true status=1 retired=2 fetch=2 data=1 completed=1 provider=0 reply=0 level=4294967295 context=0 esr=0x0 pass=true
NXPERM: CASE id=489 granule=16384 profile=1 ap=0 parent=0 xn=0 el=1 warm=false op=3 upper=true allowed=true status=1 retired=2 fetch=2 data=1 completed=1 provider=0 reply=0 level=4294967295 context=0 esr=0x0 pass=true
NXPERM: CASE id=490 granule=16384 profile=1 ap=0 parent=0 xn=0 el=1 warm=true op=1 upper=true allowed=true status=1 retired=1 fetch=1 data=0 completed=0 provider=0 reply=0 level=4294967295 context=0 esr=0x0 pass=true
NXPERM: CASE id=491 granule=16384 profile=1 ap=0 parent=0 xn=0 el=1 warm=true op=2 upper=true allowed=true status=1 retired=2 fetch=2 data=1 completed=1 provider=0 reply=0 level=4294967295 context=0 esr=0x0 pass=true
NXPERM: CASE id=492 granule=16384 profile=1 ap=0 parent=0 xn=0 el=1 warm=true op=3 upper=true allowed=true status=1 retired=2 fetch=2 data=1 completed=1 provider=0 reply=0 level=4294967295 context=0 esr=0x0 pass=true
NXPERM: CASE id=493 granule=16384 profile=1 ap=0 parent=1 xn=0 el=0 warm=false op=1 upper=true allowed=true status=1 retired=1 fetch=1 data=0 completed=0 provider=0 reply=0 level=4294967295 context=0 esr=0x0 pass=true
NXPERM: CASE id=494 granule=16384 profile=1 ap=0 parent=1 xn=0 el=0 warm=false op=2 upper=true allowed=false status=17 retired=0 fetch=1 data=1 completed=0 provider=0 reply=1 level=3 context=3 esr=0x9200000f pass=true
NXPERM: CASE id=495 granule=16384 profile=1 ap=0 parent=1 xn=0 el=0 warm=false op=3 upper=true allowed=false status=17 retired=0 fetch=1 data=1 completed=0 provider=0 reply=1 level=3 context=3 esr=0x9200004f pass=true
NXPERM: CASE id=496 granule=16384 profile=1 ap=0 parent=1 xn=0 el=0 warm=true op=1 upper=true allowed=true status=1 retired=1 fetch=1 data=0 completed=0 provider=0 reply=0 level=4294967295 context=0 esr=0x0 pass=true
NXPERM: CASE id=497 granule=16384 profile=1 ap=0 parent=1 xn=0 el=0 warm=true op=2 upper=true allowed=false status=17 retired=0 fetch=1 data=1 completed=0 provider=0 reply=1 level=3 context=4 esr=0x9200000f pass=true
NXPERM: CASE id=498 granule=16384 profile=1 ap=0 parent=1 xn=0 el=0 warm=true op=3 upper=true allowed=false status=17 retired=0 fetch=1 data=1 completed=0 provider=0 reply=1 level=3 context=4 esr=0x9200004f pass=true
NXPERM: CASE id=499 granule=16384 profile=1 ap=0 parent=1 xn=0 el=1 warm=false op=1 upper=false allowed=true status=1 retired=1 fetch=1 data=0 completed=0 provider=0 reply=0 level=4294967295 context=0 esr=0x0 pass=true
NXPERM: CASE id=500 granule=16384 profile=1 ap=0 parent=1 xn=0 el=1 warm=false op=2 upper=false allowed=true status=1 retired=2 fetch=2 data=1 completed=1 provider=0 reply=0 level=4294967295 context=0 esr=0x0 pass=true
NXPERM: CASE id=501 granule=16384 profile=1 ap=0 parent=1 xn=0 el=1 warm=false op=3 upper=false allowed=true status=1 retired=2 fetch=2 data=1 completed=1 provider=0 reply=0 level=4294967295 context=0 esr=0x0 pass=true
NXPERM: CASE id=502 granule=16384 profile=1 ap=0 parent=1 xn=0 el=1 warm=true op=1 upper=false allowed=true status=1 retired=1 fetch=1 data=0 completed=0 provider=0 reply=0 level=4294967295 context=0 esr=0x0 pass=true
NXPERM: CASE id=503 granule=16384 profile=1 ap=0 parent=1 xn=0 el=1 warm=true op=2 upper=false allowed=true status=1 retired=2 fetch=2 data=1 completed=1 provider=0 reply=0 level=4294967295 context=0 esr=0x0 pass=true
NXPERM: CASE id=504 granule=16384 profile=1 ap=0 parent=1 xn=0 el=1 warm=true op=3 upper=false allowed=true status=1 retired=2 fetch=2 data=1 completed=1 provider=0 reply=0 level=4294967295 context=0 esr=0x0 pass=true
NXPERM: CASE id=505 granule=16384 profile=1 ap=0 parent=2 xn=0 el=0 warm=false op=1 upper=false allowed=true status=1 retired=1 fetch=1 data=0 completed=0 provider=0 reply=0 level=4294967295 context=0 esr=0x0 pass=true
NXPERM: CASE id=506 granule=16384 profile=1 ap=0 parent=2 xn=0 el=0 warm=false op=2 upper=false allowed=false status=17 retired=0 fetch=1 data=1 completed=0 provider=0 reply=1 level=3 context=3 esr=0x9200000f pass=true
NXPERM: CASE id=507 granule=16384 profile=1 ap=0 parent=2 xn=0 el=0 warm=false op=3 upper=false allowed=false status=17 retired=0 fetch=1 data=1 completed=0 provider=0 reply=1 level=3 context=3 esr=0x9200004f pass=true
NXPERM: CASE id=508 granule=16384 profile=1 ap=0 parent=2 xn=0 el=0 warm=true op=1 upper=false allowed=true status=1 retired=1 fetch=1 data=0 completed=0 provider=0 reply=0 level=4294967295 context=0 esr=0x0 pass=true
NXPERM: CASE id=509 granule=16384 profile=1 ap=0 parent=2 xn=0 el=0 warm=true op=2 upper=false allowed=false status=17 retired=0 fetch=1 data=1 completed=0 provider=0 reply=1 level=3 context=4 esr=0x9200000f pass=true
NXPERM: CASE id=510 granule=16384 profile=1 ap=0 parent=2 xn=0 el=0 warm=true op=3 upper=false allowed=false status=17 retired=0 fetch=1 data=1 completed=0 provider=0 reply=1 level=3 context=4 esr=0x9200004f pass=true
NXPERM: CASE id=511 granule=16384 profile=1 ap=0 parent=2 xn=0 el=1 warm=false op=1 upper=true allowed=true status=1 retired=1 fetch=1 data=0 completed=0 provider=0 reply=0 level=4294967295 context=0 esr=0x0 pass=true
NXPERM: CASE id=512 granule=16384 profile=1 ap=0 parent=2 xn=0 el=1 warm=false op=2 upper=true allowed=true status=1 retired=2 fetch=2 data=1 completed=1 provider=0 reply=0 level=4294967295 context=0 esr=0x0 pass=true
NXPERM: CASE id=513 granule=16384 profile=1 ap=0 parent=2 xn=0 el=1 warm=false op=3 upper=true allowed=false status=17 retired=0 fetch=1 data=1 completed=0 provider=0 reply=1 level=3 context=3 esr=0x9600004f pass=true
NXPERM: CASE id=514 granule=16384 profile=1 ap=0 parent=2 xn=0 el=1 warm=true op=1 upper=true allowed=true status=1 retired=1 fetch=1 data=0 completed=0 provider=0 reply=0 level=4294967295 context=0 esr=0x0 pass=true
NXPERM: CASE id=515 granule=16384 profile=1 ap=0 parent=2 xn=0 el=1 warm=true op=2 upper=true allowed=true status=1 retired=2 fetch=2 data=1 completed=1 provider=0 reply=0 level=4294967295 context=0 esr=0x0 pass=true
NXPERM: CASE id=516 granule=16384 profile=1 ap=0 parent=2 xn=0 el=1 warm=true op=3 upper=true allowed=false status=17 retired=0 fetch=1 data=1 completed=0 provider=0 reply=1 level=3 context=4 esr=0x9600004f pass=true
NXPERM: CASE id=517 granule=16384 profile=1 ap=0 parent=3 xn=0 el=0 warm=false op=1 upper=true allowed=true status=1 retired=1 fetch=1 data=0 completed=0 provider=0 reply=0 level=4294967295 context=0 esr=0x0 pass=true
NXPERM: CASE id=518 granule=16384 profile=1 ap=0 parent=3 xn=0 el=0 warm=false op=2 upper=true allowed=false status=17 retired=0 fetch=1 data=1 completed=0 provider=0 reply=1 level=3 context=3 esr=0x9200000f pass=true
NXPERM: CASE id=519 granule=16384 profile=1 ap=0 parent=3 xn=0 el=0 warm=false op=3 upper=true allowed=false status=17 retired=0 fetch=1 data=1 completed=0 provider=0 reply=1 level=3 context=3 esr=0x9200004f pass=true
NXPERM: CASE id=520 granule=16384 profile=1 ap=0 parent=3 xn=0 el=0 warm=true op=1 upper=true allowed=true status=1 retired=1 fetch=1 data=0 completed=0 provider=0 reply=0 level=4294967295 context=0 esr=0x0 pass=true
NXPERM: CASE id=521 granule=16384 profile=1 ap=0 parent=3 xn=0 el=0 warm=true op=2 upper=true allowed=false status=17 retired=0 fetch=1 data=1 completed=0 provider=0 reply=1 level=3 context=4 esr=0x9200000f pass=true
NXPERM: CASE id=522 granule=16384 profile=1 ap=0 parent=3 xn=0 el=0 warm=true op=3 upper=true allowed=false status=17 retired=0 fetch=1 data=1 completed=0 provider=0 reply=1 level=3 context=4 esr=0x9200004f pass=true
NXPERM: CASE id=523 granule=16384 profile=1 ap=0 parent=3 xn=0 el=1 warm=false op=1 upper=false allowed=true status=1 retired=1 fetch=1 data=0 completed=0 provider=0 reply=0 level=4294967295 context=0 esr=0x0 pass=true
NXPERM: CASE id=524 granule=16384 profile=1 ap=0 parent=3 xn=0 el=1 warm=false op=2 upper=false allowed=true status=1 retired=2 fetch=2 data=1 completed=1 provider=0 reply=0 level=4294967295 context=0 esr=0x0 pass=true
NXPERM: CASE id=525 granule=16384 profile=1 ap=0 parent=3 xn=0 el=1 warm=false op=3 upper=false allowed=false status=17 retired=0 fetch=1 data=1 completed=0 provider=0 reply=1 level=3 context=3 esr=0x9600004f pass=true
NXPERM: CASE id=526 granule=16384 profile=1 ap=0 parent=3 xn=0 el=1 warm=true op=1 upper=false allowed=true status=1 retired=1 fetch=1 data=0 completed=0 provider=0 reply=0 level=4294967295 context=0 esr=0x0 pass=true
NXPERM: CASE id=527 granule=16384 profile=1 ap=0 parent=3 xn=0 el=1 warm=true op=2 upper=false allowed=true status=1 retired=2 fetch=2 data=1 completed=1 provider=0 reply=0 level=4294967295 context=0 esr=0x0 pass=true
NXPERM: CASE id=528 granule=16384 profile=1 ap=0 parent=3 xn=0 el=1 warm=true op=3 upper=false allowed=false status=17 retired=0 fetch=1 data=1 completed=0 provider=0 reply=1 level=3 context=4 esr=0x9600004f pass=true
NXPERM: CASE id=529 granule=16384 profile=1 ap=1 parent=0 xn=0 el=0 warm=false op=1 upper=true allowed=true status=1 retired=1 fetch=1 data=0 completed=0 provider=0 reply=0 level=4294967295 context=0 esr=0x0 pass=true
NXPERM: CASE id=530 granule=16384 profile=1 ap=1 parent=0 xn=0 el=0 warm=false op=2 upper=true allowed=true status=1 retired=2 fetch=2 data=1 completed=1 provider=0 reply=0 level=4294967295 context=0 esr=0x0 pass=true
NXPERM: CASE id=531 granule=16384 profile=1 ap=1 parent=0 xn=0 el=0 warm=false op=3 upper=true allowed=true status=1 retired=2 fetch=2 data=1 completed=1 provider=0 reply=0 level=4294967295 context=0 esr=0x0 pass=true
NXPERM: CASE id=532 granule=16384 profile=1 ap=1 parent=0 xn=0 el=0 warm=true op=1 upper=true allowed=true status=1 retired=1 fetch=1 data=0 completed=0 provider=0 reply=0 level=4294967295 context=0 esr=0x0 pass=true
NXPERM: CASE id=533 granule=16384 profile=1 ap=1 parent=0 xn=0 el=0 warm=true op=2 upper=true allowed=true status=1 retired=2 fetch=2 data=1 completed=1 provider=0 reply=0 level=4294967295 context=0 esr=0x0 pass=true
NXPERM: CASE id=534 granule=16384 profile=1 ap=1 parent=0 xn=0 el=0 warm=true op=3 upper=true allowed=true status=1 retired=2 fetch=2 data=1 completed=1 provider=0 reply=0 level=4294967295 context=0 esr=0x0 pass=true
NXPERM: CASE id=535 granule=16384 profile=1 ap=1 parent=0 xn=0 el=1 warm=false op=1 upper=false allowed=false status=16 retired=0 fetch=1 data=0 completed=0 provider=0 reply=1 level=3 context=3 esr=0x8600000f pass=true
NXPERM: CASE id=536 granule=16384 profile=1 ap=1 parent=0 xn=0 el=1 warm=false op=2 upper=false allowed=true status=1 retired=2 fetch=2 data=1 completed=1 provider=0 reply=0 level=4294967295 context=0 esr=0x0 pass=true
NXPERM: CASE id=537 granule=16384 profile=1 ap=1 parent=0 xn=0 el=1 warm=false op=3 upper=false allowed=true status=1 retired=2 fetch=2 data=1 completed=1 provider=0 reply=0 level=4294967295 context=0 esr=0x0 pass=true
NXPERM: CASE id=538 granule=16384 profile=1 ap=1 parent=0 xn=0 el=1 warm=true op=1 upper=false allowed=false status=16 retired=0 fetch=1 data=0 completed=0 provider=0 reply=1 level=3 context=4 esr=0x8600000f pass=true
NXPERM: CASE id=539 granule=16384 profile=1 ap=1 parent=0 xn=0 el=1 warm=true op=2 upper=false allowed=true status=1 retired=2 fetch=2 data=1 completed=1 provider=0 reply=0 level=4294967295 context=0 esr=0x0 pass=true
NXPERM: CASE id=540 granule=16384 profile=1 ap=1 parent=0 xn=0 el=1 warm=true op=3 upper=false allowed=true status=1 retired=2 fetch=2 data=1 completed=1 provider=0 reply=0 level=4294967295 context=0 esr=0x0 pass=true
NXPERM: CASE id=541 granule=16384 profile=1 ap=1 parent=1 xn=0 el=0 warm=false op=1 upper=false allowed=true status=1 retired=1 fetch=1 data=0 completed=0 provider=0 reply=0 level=4294967295 context=0 esr=0x0 pass=true
NXPERM: CASE id=542 granule=16384 profile=1 ap=1 parent=1 xn=0 el=0 warm=false op=2 upper=false allowed=false status=17 retired=0 fetch=1 data=1 completed=0 provider=0 reply=1 level=3 context=3 esr=0x9200000f pass=true
NXPERM: CASE id=543 granule=16384 profile=1 ap=1 parent=1 xn=0 el=0 warm=false op=3 upper=false allowed=false status=17 retired=0 fetch=1 data=1 completed=0 provider=0 reply=1 level=3 context=3 esr=0x9200004f pass=true
NXPERM: CASE id=544 granule=16384 profile=1 ap=1 parent=1 xn=0 el=0 warm=true op=1 upper=false allowed=true status=1 retired=1 fetch=1 data=0 completed=0 provider=0 reply=0 level=4294967295 context=0 esr=0x0 pass=true
NXPERM: CASE id=545 granule=16384 profile=1 ap=1 parent=1 xn=0 el=0 warm=true op=2 upper=false allowed=false status=17 retired=0 fetch=1 data=1 completed=0 provider=0 reply=1 level=3 context=4 esr=0x9200000f pass=true
NXPERM: CASE id=546 granule=16384 profile=1 ap=1 parent=1 xn=0 el=0 warm=true op=3 upper=false allowed=false status=17 retired=0 fetch=1 data=1 completed=0 provider=0 reply=1 level=3 context=4 esr=0x9200004f pass=true
NXPERM: CASE id=547 granule=16384 profile=1 ap=1 parent=1 xn=0 el=1 warm=false op=1 upper=true allowed=true status=1 retired=1 fetch=1 data=0 completed=0 provider=0 reply=0 level=4294967295 context=0 esr=0x0 pass=true
NXPERM: CASE id=548 granule=16384 profile=1 ap=1 parent=1 xn=0 el=1 warm=false op=2 upper=true allowed=true status=1 retired=2 fetch=2 data=1 completed=1 provider=0 reply=0 level=4294967295 context=0 esr=0x0 pass=true
NXPERM: CASE id=549 granule=16384 profile=1 ap=1 parent=1 xn=0 el=1 warm=false op=3 upper=true allowed=true status=1 retired=2 fetch=2 data=1 completed=1 provider=0 reply=0 level=4294967295 context=0 esr=0x0 pass=true
NXPERM: CASE id=550 granule=16384 profile=1 ap=1 parent=1 xn=0 el=1 warm=true op=1 upper=true allowed=true status=1 retired=1 fetch=1 data=0 completed=0 provider=0 reply=0 level=4294967295 context=0 esr=0x0 pass=true
NXPERM: CASE id=551 granule=16384 profile=1 ap=1 parent=1 xn=0 el=1 warm=true op=2 upper=true allowed=true status=1 retired=2 fetch=2 data=1 completed=1 provider=0 reply=0 level=4294967295 context=0 esr=0x0 pass=true
NXPERM: CASE id=552 granule=16384 profile=1 ap=1 parent=1 xn=0 el=1 warm=true op=3 upper=true allowed=true status=1 retired=2 fetch=2 data=1 completed=1 provider=0 reply=0 level=4294967295 context=0 esr=0x0 pass=true
NXPERM: CASE id=553 granule=16384 profile=1 ap=1 parent=2 xn=0 el=0 warm=false op=1 upper=true allowed=true status=1 retired=1 fetch=1 data=0 completed=0 provider=0 reply=0 level=4294967295 context=0 esr=0x0 pass=true
NXPERM: CASE id=554 granule=16384 profile=1 ap=1 parent=2 xn=0 el=0 warm=false op=2 upper=true allowed=true status=1 retired=2 fetch=2 data=1 completed=1 provider=0 reply=0 level=4294967295 context=0 esr=0x0 pass=true
NXPERM: CASE id=555 granule=16384 profile=1 ap=1 parent=2 xn=0 el=0 warm=false op=3 upper=true allowed=false status=17 retired=0 fetch=1 data=1 completed=0 provider=0 reply=1 level=3 context=3 esr=0x9200004f pass=true
NXPERM: CASE id=556 granule=16384 profile=1 ap=1 parent=2 xn=0 el=0 warm=true op=1 upper=true allowed=true status=1 retired=1 fetch=1 data=0 completed=0 provider=0 reply=0 level=4294967295 context=0 esr=0x0 pass=true
NXPERM: CASE id=557 granule=16384 profile=1 ap=1 parent=2 xn=0 el=0 warm=true op=2 upper=true allowed=true status=1 retired=2 fetch=2 data=1 completed=1 provider=0 reply=0 level=4294967295 context=0 esr=0x0 pass=true
NXPERM: CASE id=558 granule=16384 profile=1 ap=1 parent=2 xn=0 el=0 warm=true op=3 upper=true allowed=false status=17 retired=0 fetch=1 data=1 completed=0 provider=0 reply=1 level=3 context=4 esr=0x9200004f pass=true
NXPERM: CASE id=559 granule=16384 profile=1 ap=1 parent=2 xn=0 el=1 warm=false op=1 upper=false allowed=true status=1 retired=1 fetch=1 data=0 completed=0 provider=0 reply=0 level=4294967295 context=0 esr=0x0 pass=true
NXPERM: CASE id=560 granule=16384 profile=1 ap=1 parent=2 xn=0 el=1 warm=false op=2 upper=false allowed=true status=1 retired=2 fetch=2 data=1 completed=1 provider=0 reply=0 level=4294967295 context=0 esr=0x0 pass=true
NXPERM: CASE id=561 granule=16384 profile=1 ap=1 parent=2 xn=0 el=1 warm=false op=3 upper=false allowed=false status=17 retired=0 fetch=1 data=1 completed=0 provider=0 reply=1 level=3 context=3 esr=0x9600004f pass=true
NXPERM: CASE id=562 granule=16384 profile=1 ap=1 parent=2 xn=0 el=1 warm=true op=1 upper=false allowed=true status=1 retired=1 fetch=1 data=0 completed=0 provider=0 reply=0 level=4294967295 context=0 esr=0x0 pass=true
NXPERM: CASE id=563 granule=16384 profile=1 ap=1 parent=2 xn=0 el=1 warm=true op=2 upper=false allowed=true status=1 retired=2 fetch=2 data=1 completed=1 provider=0 reply=0 level=4294967295 context=0 esr=0x0 pass=true
NXPERM: CASE id=564 granule=16384 profile=1 ap=1 parent=2 xn=0 el=1 warm=true op=3 upper=false allowed=false status=17 retired=0 fetch=1 data=1 completed=0 provider=0 reply=1 level=3 context=4 esr=0x9600004f pass=true
NXPERM: CASE id=565 granule=16384 profile=1 ap=1 parent=3 xn=0 el=0 warm=false op=1 upper=false allowed=true status=1 retired=1 fetch=1 data=0 completed=0 provider=0 reply=0 level=4294967295 context=0 esr=0x0 pass=true
NXPERM: CASE id=566 granule=16384 profile=1 ap=1 parent=3 xn=0 el=0 warm=false op=2 upper=false allowed=false status=17 retired=0 fetch=1 data=1 completed=0 provider=0 reply=1 level=3 context=3 esr=0x9200000f pass=true
NXPERM: CASE id=567 granule=16384 profile=1 ap=1 parent=3 xn=0 el=0 warm=false op=3 upper=false allowed=false status=17 retired=0 fetch=1 data=1 completed=0 provider=0 reply=1 level=3 context=3 esr=0x9200004f pass=true
NXPERM: CASE id=568 granule=16384 profile=1 ap=1 parent=3 xn=0 el=0 warm=true op=1 upper=false allowed=true status=1 retired=1 fetch=1 data=0 completed=0 provider=0 reply=0 level=4294967295 context=0 esr=0x0 pass=true
NXPERM: CASE id=569 granule=16384 profile=1 ap=1 parent=3 xn=0 el=0 warm=true op=2 upper=false allowed=false status=17 retired=0 fetch=1 data=1 completed=0 provider=0 reply=1 level=3 context=4 esr=0x9200000f pass=true
NXPERM: CASE id=570 granule=16384 profile=1 ap=1 parent=3 xn=0 el=0 warm=true op=3 upper=false allowed=false status=17 retired=0 fetch=1 data=1 completed=0 provider=0 reply=1 level=3 context=4 esr=0x9200004f pass=true
NXPERM: CASE id=571 granule=16384 profile=1 ap=1 parent=3 xn=0 el=1 warm=false op=1 upper=true allowed=true status=1 retired=1 fetch=1 data=0 completed=0 provider=0 reply=0 level=4294967295 context=0 esr=0x0 pass=true
NXPERM: CASE id=572 granule=16384 profile=1 ap=1 parent=3 xn=0 el=1 warm=false op=2 upper=true allowed=true status=1 retired=2 fetch=2 data=1 completed=1 provider=0 reply=0 level=4294967295 context=0 esr=0x0 pass=true
NXPERM: CASE id=573 granule=16384 profile=1 ap=1 parent=3 xn=0 el=1 warm=false op=3 upper=true allowed=false status=17 retired=0 fetch=1 data=1 completed=0 provider=0 reply=1 level=3 context=3 esr=0x9600004f pass=true
NXPERM: CASE id=574 granule=16384 profile=1 ap=1 parent=3 xn=0 el=1 warm=true op=1 upper=true allowed=true status=1 retired=1 fetch=1 data=0 completed=0 provider=0 reply=0 level=4294967295 context=0 esr=0x0 pass=true
NXPERM: CASE id=575 granule=16384 profile=1 ap=1 parent=3 xn=0 el=1 warm=true op=2 upper=true allowed=true status=1 retired=2 fetch=2 data=1 completed=1 provider=0 reply=0 level=4294967295 context=0 esr=0x0 pass=true
NXPERM: CASE id=576 granule=16384 profile=1 ap=1 parent=3 xn=0 el=1 warm=true op=3 upper=true allowed=false status=17 retired=0 fetch=1 data=1 completed=0 provider=0 reply=1 level=3 context=4 esr=0x9600004f pass=true
NXPERM: CASE id=577 granule=16384 profile=1 ap=2 parent=0 xn=0 el=0 warm=false op=1 upper=false allowed=true status=1 retired=1 fetch=1 data=0 completed=0 provider=0 reply=0 level=4294967295 context=0 esr=0x0 pass=true
NXPERM: CASE id=578 granule=16384 profile=1 ap=2 parent=0 xn=0 el=0 warm=false op=2 upper=false allowed=false status=17 retired=0 fetch=1 data=1 completed=0 provider=0 reply=1 level=3 context=3 esr=0x9200000f pass=true
NXPERM: CASE id=579 granule=16384 profile=1 ap=2 parent=0 xn=0 el=0 warm=false op=3 upper=false allowed=false status=17 retired=0 fetch=1 data=1 completed=0 provider=0 reply=1 level=3 context=3 esr=0x9200004f pass=true
NXPERM: CASE id=580 granule=16384 profile=1 ap=2 parent=0 xn=0 el=0 warm=true op=1 upper=false allowed=true status=1 retired=1 fetch=1 data=0 completed=0 provider=0 reply=0 level=4294967295 context=0 esr=0x0 pass=true
NXPERM: CASE id=581 granule=16384 profile=1 ap=2 parent=0 xn=0 el=0 warm=true op=2 upper=false allowed=false status=17 retired=0 fetch=1 data=1 completed=0 provider=0 reply=1 level=3 context=4 esr=0x9200000f pass=true
NXPERM: CASE id=582 granule=16384 profile=1 ap=2 parent=0 xn=0 el=0 warm=true op=3 upper=false allowed=false status=17 retired=0 fetch=1 data=1 completed=0 provider=0 reply=1 level=3 context=4 esr=0x9200004f pass=true
NXPERM: CASE id=583 granule=16384 profile=1 ap=2 parent=0 xn=0 el=1 warm=false op=1 upper=true allowed=true status=1 retired=1 fetch=1 data=0 completed=0 provider=0 reply=0 level=4294967295 context=0 esr=0x0 pass=true
NXPERM: CASE id=584 granule=16384 profile=1 ap=2 parent=0 xn=0 el=1 warm=false op=2 upper=true allowed=true status=1 retired=2 fetch=2 data=1 completed=1 provider=0 reply=0 level=4294967295 context=0 esr=0x0 pass=true
NXPERM: CASE id=585 granule=16384 profile=1 ap=2 parent=0 xn=0 el=1 warm=false op=3 upper=true allowed=false status=17 retired=0 fetch=1 data=1 completed=0 provider=0 reply=1 level=3 context=3 esr=0x9600004f pass=true
NXPERM: CASE id=586 granule=16384 profile=1 ap=2 parent=0 xn=0 el=1 warm=true op=1 upper=true allowed=true status=1 retired=1 fetch=1 data=0 completed=0 provider=0 reply=0 level=4294967295 context=0 esr=0x0 pass=true
NXPERM: CASE id=587 granule=16384 profile=1 ap=2 parent=0 xn=0 el=1 warm=true op=2 upper=true allowed=true status=1 retired=2 fetch=2 data=1 completed=1 provider=0 reply=0 level=4294967295 context=0 esr=0x0 pass=true
NXPERM: CASE id=588 granule=16384 profile=1 ap=2 parent=0 xn=0 el=1 warm=true op=3 upper=true allowed=false status=17 retired=0 fetch=1 data=1 completed=0 provider=0 reply=1 level=3 context=4 esr=0x9600004f pass=true
NXPERM: CASE id=589 granule=16384 profile=1 ap=2 parent=1 xn=0 el=0 warm=false op=1 upper=true allowed=true status=1 retired=1 fetch=1 data=0 completed=0 provider=0 reply=0 level=4294967295 context=0 esr=0x0 pass=true
NXPERM: CASE id=590 granule=16384 profile=1 ap=2 parent=1 xn=0 el=0 warm=false op=2 upper=true allowed=false status=17 retired=0 fetch=1 data=1 completed=0 provider=0 reply=1 level=3 context=3 esr=0x9200000f pass=true
NXPERM: CASE id=591 granule=16384 profile=1 ap=2 parent=1 xn=0 el=0 warm=false op=3 upper=true allowed=false status=17 retired=0 fetch=1 data=1 completed=0 provider=0 reply=1 level=3 context=3 esr=0x9200004f pass=true
NXPERM: CASE id=592 granule=16384 profile=1 ap=2 parent=1 xn=0 el=0 warm=true op=1 upper=true allowed=true status=1 retired=1 fetch=1 data=0 completed=0 provider=0 reply=0 level=4294967295 context=0 esr=0x0 pass=true
NXPERM: CASE id=593 granule=16384 profile=1 ap=2 parent=1 xn=0 el=0 warm=true op=2 upper=true allowed=false status=17 retired=0 fetch=1 data=1 completed=0 provider=0 reply=1 level=3 context=4 esr=0x9200000f pass=true
NXPERM: CASE id=594 granule=16384 profile=1 ap=2 parent=1 xn=0 el=0 warm=true op=3 upper=true allowed=false status=17 retired=0 fetch=1 data=1 completed=0 provider=0 reply=1 level=3 context=4 esr=0x9200004f pass=true
NXPERM: CASE id=595 granule=16384 profile=1 ap=2 parent=1 xn=0 el=1 warm=false op=1 upper=false allowed=true status=1 retired=1 fetch=1 data=0 completed=0 provider=0 reply=0 level=4294967295 context=0 esr=0x0 pass=true
NXPERM: CASE id=596 granule=16384 profile=1 ap=2 parent=1 xn=0 el=1 warm=false op=2 upper=false allowed=true status=1 retired=2 fetch=2 data=1 completed=1 provider=0 reply=0 level=4294967295 context=0 esr=0x0 pass=true
NXPERM: CASE id=597 granule=16384 profile=1 ap=2 parent=1 xn=0 el=1 warm=false op=3 upper=false allowed=false status=17 retired=0 fetch=1 data=1 completed=0 provider=0 reply=1 level=3 context=3 esr=0x9600004f pass=true
NXPERM: CASE id=598 granule=16384 profile=1 ap=2 parent=1 xn=0 el=1 warm=true op=1 upper=false allowed=true status=1 retired=1 fetch=1 data=0 completed=0 provider=0 reply=0 level=4294967295 context=0 esr=0x0 pass=true
NXPERM: CASE id=599 granule=16384 profile=1 ap=2 parent=1 xn=0 el=1 warm=true op=2 upper=false allowed=true status=1 retired=2 fetch=2 data=1 completed=1 provider=0 reply=0 level=4294967295 context=0 esr=0x0 pass=true
NXPERM: CASE id=600 granule=16384 profile=1 ap=2 parent=1 xn=0 el=1 warm=true op=3 upper=false allowed=false status=17 retired=0 fetch=1 data=1 completed=0 provider=0 reply=1 level=3 context=4 esr=0x9600004f pass=true
NXPERM: CASE id=601 granule=16384 profile=1 ap=2 parent=2 xn=0 el=0 warm=false op=1 upper=false allowed=true status=1 retired=1 fetch=1 data=0 completed=0 provider=0 reply=0 level=4294967295 context=0 esr=0x0 pass=true
NXPERM: CASE id=602 granule=16384 profile=1 ap=2 parent=2 xn=0 el=0 warm=false op=2 upper=false allowed=false status=17 retired=0 fetch=1 data=1 completed=0 provider=0 reply=1 level=3 context=3 esr=0x9200000f pass=true
NXPERM: CASE id=603 granule=16384 profile=1 ap=2 parent=2 xn=0 el=0 warm=false op=3 upper=false allowed=false status=17 retired=0 fetch=1 data=1 completed=0 provider=0 reply=1 level=3 context=3 esr=0x9200004f pass=true
NXPERM: CASE id=604 granule=16384 profile=1 ap=2 parent=2 xn=0 el=0 warm=true op=1 upper=false allowed=true status=1 retired=1 fetch=1 data=0 completed=0 provider=0 reply=0 level=4294967295 context=0 esr=0x0 pass=true
NXPERM: CASE id=605 granule=16384 profile=1 ap=2 parent=2 xn=0 el=0 warm=true op=2 upper=false allowed=false status=17 retired=0 fetch=1 data=1 completed=0 provider=0 reply=1 level=3 context=4 esr=0x9200000f pass=true
NXPERM: CASE id=606 granule=16384 profile=1 ap=2 parent=2 xn=0 el=0 warm=true op=3 upper=false allowed=false status=17 retired=0 fetch=1 data=1 completed=0 provider=0 reply=1 level=3 context=4 esr=0x9200004f pass=true
NXPERM: CASE id=607 granule=16384 profile=1 ap=2 parent=2 xn=0 el=1 warm=false op=1 upper=true allowed=true status=1 retired=1 fetch=1 data=0 completed=0 provider=0 reply=0 level=4294967295 context=0 esr=0x0 pass=true
NXPERM: CASE id=608 granule=16384 profile=1 ap=2 parent=2 xn=0 el=1 warm=false op=2 upper=true allowed=true status=1 retired=2 fetch=2 data=1 completed=1 provider=0 reply=0 level=4294967295 context=0 esr=0x0 pass=true
NXPERM: CASE id=609 granule=16384 profile=1 ap=2 parent=2 xn=0 el=1 warm=false op=3 upper=true allowed=false status=17 retired=0 fetch=1 data=1 completed=0 provider=0 reply=1 level=3 context=3 esr=0x9600004f pass=true
NXPERM: CASE id=610 granule=16384 profile=1 ap=2 parent=2 xn=0 el=1 warm=true op=1 upper=true allowed=true status=1 retired=1 fetch=1 data=0 completed=0 provider=0 reply=0 level=4294967295 context=0 esr=0x0 pass=true
NXPERM: CASE id=611 granule=16384 profile=1 ap=2 parent=2 xn=0 el=1 warm=true op=2 upper=true allowed=true status=1 retired=2 fetch=2 data=1 completed=1 provider=0 reply=0 level=4294967295 context=0 esr=0x0 pass=true
NXPERM: CASE id=612 granule=16384 profile=1 ap=2 parent=2 xn=0 el=1 warm=true op=3 upper=true allowed=false status=17 retired=0 fetch=1 data=1 completed=0 provider=0 reply=1 level=3 context=4 esr=0x9600004f pass=true
NXPERM: CASE id=613 granule=16384 profile=1 ap=2 parent=3 xn=0 el=0 warm=false op=1 upper=true allowed=true status=1 retired=1 fetch=1 data=0 completed=0 provider=0 reply=0 level=4294967295 context=0 esr=0x0 pass=true
NXPERM: CASE id=614 granule=16384 profile=1 ap=2 parent=3 xn=0 el=0 warm=false op=2 upper=true allowed=false status=17 retired=0 fetch=1 data=1 completed=0 provider=0 reply=1 level=3 context=3 esr=0x9200000f pass=true
NXPERM: CASE id=615 granule=16384 profile=1 ap=2 parent=3 xn=0 el=0 warm=false op=3 upper=true allowed=false status=17 retired=0 fetch=1 data=1 completed=0 provider=0 reply=1 level=3 context=3 esr=0x9200004f pass=true
NXPERM: CASE id=616 granule=16384 profile=1 ap=2 parent=3 xn=0 el=0 warm=true op=1 upper=true allowed=true status=1 retired=1 fetch=1 data=0 completed=0 provider=0 reply=0 level=4294967295 context=0 esr=0x0 pass=true
NXPERM: CASE id=617 granule=16384 profile=1 ap=2 parent=3 xn=0 el=0 warm=true op=2 upper=true allowed=false status=17 retired=0 fetch=1 data=1 completed=0 provider=0 reply=1 level=3 context=4 esr=0x9200000f pass=true
NXPERM: CASE id=618 granule=16384 profile=1 ap=2 parent=3 xn=0 el=0 warm=true op=3 upper=true allowed=false status=17 retired=0 fetch=1 data=1 completed=0 provider=0 reply=1 level=3 context=4 esr=0x9200004f pass=true
NXPERM: CASE id=619 granule=16384 profile=1 ap=2 parent=3 xn=0 el=1 warm=false op=1 upper=false allowed=true status=1 retired=1 fetch=1 data=0 completed=0 provider=0 reply=0 level=4294967295 context=0 esr=0x0 pass=true
NXPERM: CASE id=620 granule=16384 profile=1 ap=2 parent=3 xn=0 el=1 warm=false op=2 upper=false allowed=true status=1 retired=2 fetch=2 data=1 completed=1 provider=0 reply=0 level=4294967295 context=0 esr=0x0 pass=true
NXPERM: CASE id=621 granule=16384 profile=1 ap=2 parent=3 xn=0 el=1 warm=false op=3 upper=false allowed=false status=17 retired=0 fetch=1 data=1 completed=0 provider=0 reply=1 level=3 context=3 esr=0x9600004f pass=true
NXPERM: CASE id=622 granule=16384 profile=1 ap=2 parent=3 xn=0 el=1 warm=true op=1 upper=false allowed=true status=1 retired=1 fetch=1 data=0 completed=0 provider=0 reply=0 level=4294967295 context=0 esr=0x0 pass=true
NXPERM: CASE id=623 granule=16384 profile=1 ap=2 parent=3 xn=0 el=1 warm=true op=2 upper=false allowed=true status=1 retired=2 fetch=2 data=1 completed=1 provider=0 reply=0 level=4294967295 context=0 esr=0x0 pass=true
NXPERM: CASE id=624 granule=16384 profile=1 ap=2 parent=3 xn=0 el=1 warm=true op=3 upper=false allowed=false status=17 retired=0 fetch=1 data=1 completed=0 provider=0 reply=1 level=3 context=4 esr=0x9600004f pass=true
NXPERM: CASE id=625 granule=16384 profile=1 ap=3 parent=0 xn=0 el=0 warm=false op=1 upper=true allowed=true status=1 retired=1 fetch=1 data=0 completed=0 provider=0 reply=0 level=4294967295 context=0 esr=0x0 pass=true
NXPERM: CASE id=626 granule=16384 profile=1 ap=3 parent=0 xn=0 el=0 warm=false op=2 upper=true allowed=true status=1 retired=2 fetch=2 data=1 completed=1 provider=0 reply=0 level=4294967295 context=0 esr=0x0 pass=true
NXPERM: CASE id=627 granule=16384 profile=1 ap=3 parent=0 xn=0 el=0 warm=false op=3 upper=true allowed=false status=17 retired=0 fetch=1 data=1 completed=0 provider=0 reply=1 level=3 context=3 esr=0x9200004f pass=true
NXPERM: CASE id=628 granule=16384 profile=1 ap=3 parent=0 xn=0 el=0 warm=true op=1 upper=true allowed=true status=1 retired=1 fetch=1 data=0 completed=0 provider=0 reply=0 level=4294967295 context=0 esr=0x0 pass=true
NXPERM: CASE id=629 granule=16384 profile=1 ap=3 parent=0 xn=0 el=0 warm=true op=2 upper=true allowed=true status=1 retired=2 fetch=2 data=1 completed=1 provider=0 reply=0 level=4294967295 context=0 esr=0x0 pass=true
NXPERM: CASE id=630 granule=16384 profile=1 ap=3 parent=0 xn=0 el=0 warm=true op=3 upper=true allowed=false status=17 retired=0 fetch=1 data=1 completed=0 provider=0 reply=1 level=3 context=4 esr=0x9200004f pass=true
NXPERM: CASE id=631 granule=16384 profile=1 ap=3 parent=0 xn=0 el=1 warm=false op=1 upper=false allowed=true status=1 retired=1 fetch=1 data=0 completed=0 provider=0 reply=0 level=4294967295 context=0 esr=0x0 pass=true
NXPERM: CASE id=632 granule=16384 profile=1 ap=3 parent=0 xn=0 el=1 warm=false op=2 upper=false allowed=true status=1 retired=2 fetch=2 data=1 completed=1 provider=0 reply=0 level=4294967295 context=0 esr=0x0 pass=true
NXPERM: CASE id=633 granule=16384 profile=1 ap=3 parent=0 xn=0 el=1 warm=false op=3 upper=false allowed=false status=17 retired=0 fetch=1 data=1 completed=0 provider=0 reply=1 level=3 context=3 esr=0x9600004f pass=true
NXPERM: CASE id=634 granule=16384 profile=1 ap=3 parent=0 xn=0 el=1 warm=true op=1 upper=false allowed=true status=1 retired=1 fetch=1 data=0 completed=0 provider=0 reply=0 level=4294967295 context=0 esr=0x0 pass=true
NXPERM: CASE id=635 granule=16384 profile=1 ap=3 parent=0 xn=0 el=1 warm=true op=2 upper=false allowed=true status=1 retired=2 fetch=2 data=1 completed=1 provider=0 reply=0 level=4294967295 context=0 esr=0x0 pass=true
NXPERM: CASE id=636 granule=16384 profile=1 ap=3 parent=0 xn=0 el=1 warm=true op=3 upper=false allowed=false status=17 retired=0 fetch=1 data=1 completed=0 provider=0 reply=1 level=3 context=4 esr=0x9600004f pass=true
NXPERM: CASE id=637 granule=16384 profile=1 ap=3 parent=1 xn=0 el=0 warm=false op=1 upper=false allowed=true status=1 retired=1 fetch=1 data=0 completed=0 provider=0 reply=0 level=4294967295 context=0 esr=0x0 pass=true
NXPERM: CASE id=638 granule=16384 profile=1 ap=3 parent=1 xn=0 el=0 warm=false op=2 upper=false allowed=false status=17 retired=0 fetch=1 data=1 completed=0 provider=0 reply=1 level=3 context=3 esr=0x9200000f pass=true
NXPERM: CASE id=639 granule=16384 profile=1 ap=3 parent=1 xn=0 el=0 warm=false op=3 upper=false allowed=false status=17 retired=0 fetch=1 data=1 completed=0 provider=0 reply=1 level=3 context=3 esr=0x9200004f pass=true
NXPERM: CASE id=640 granule=16384 profile=1 ap=3 parent=1 xn=0 el=0 warm=true op=1 upper=false allowed=true status=1 retired=1 fetch=1 data=0 completed=0 provider=0 reply=0 level=4294967295 context=0 esr=0x0 pass=true
NXPERM: CASE id=641 granule=16384 profile=1 ap=3 parent=1 xn=0 el=0 warm=true op=2 upper=false allowed=false status=17 retired=0 fetch=1 data=1 completed=0 provider=0 reply=1 level=3 context=4 esr=0x9200000f pass=true
NXPERM: CASE id=642 granule=16384 profile=1 ap=3 parent=1 xn=0 el=0 warm=true op=3 upper=false allowed=false status=17 retired=0 fetch=1 data=1 completed=0 provider=0 reply=1 level=3 context=4 esr=0x9200004f pass=true
NXPERM: CASE id=643 granule=16384 profile=1 ap=3 parent=1 xn=0 el=1 warm=false op=1 upper=true allowed=true status=1 retired=1 fetch=1 data=0 completed=0 provider=0 reply=0 level=4294967295 context=0 esr=0x0 pass=true
NXPERM: CASE id=644 granule=16384 profile=1 ap=3 parent=1 xn=0 el=1 warm=false op=2 upper=true allowed=true status=1 retired=2 fetch=2 data=1 completed=1 provider=0 reply=0 level=4294967295 context=0 esr=0x0 pass=true
NXPERM: CASE id=645 granule=16384 profile=1 ap=3 parent=1 xn=0 el=1 warm=false op=3 upper=true allowed=false status=17 retired=0 fetch=1 data=1 completed=0 provider=0 reply=1 level=3 context=3 esr=0x9600004f pass=true
NXPERM: CASE id=646 granule=16384 profile=1 ap=3 parent=1 xn=0 el=1 warm=true op=1 upper=true allowed=true status=1 retired=1 fetch=1 data=0 completed=0 provider=0 reply=0 level=4294967295 context=0 esr=0x0 pass=true
NXPERM: CASE id=647 granule=16384 profile=1 ap=3 parent=1 xn=0 el=1 warm=true op=2 upper=true allowed=true status=1 retired=2 fetch=2 data=1 completed=1 provider=0 reply=0 level=4294967295 context=0 esr=0x0 pass=true
NXPERM: CASE id=648 granule=16384 profile=1 ap=3 parent=1 xn=0 el=1 warm=true op=3 upper=true allowed=false status=17 retired=0 fetch=1 data=1 completed=0 provider=0 reply=1 level=3 context=4 esr=0x9600004f pass=true
NXPERM: CASE id=649 granule=16384 profile=1 ap=3 parent=2 xn=0 el=0 warm=false op=1 upper=true allowed=true status=1 retired=1 fetch=1 data=0 completed=0 provider=0 reply=0 level=4294967295 context=0 esr=0x0 pass=true
NXPERM: CASE id=650 granule=16384 profile=1 ap=3 parent=2 xn=0 el=0 warm=false op=2 upper=true allowed=true status=1 retired=2 fetch=2 data=1 completed=1 provider=0 reply=0 level=4294967295 context=0 esr=0x0 pass=true
NXPERM: CASE id=651 granule=16384 profile=1 ap=3 parent=2 xn=0 el=0 warm=false op=3 upper=true allowed=false status=17 retired=0 fetch=1 data=1 completed=0 provider=0 reply=1 level=3 context=3 esr=0x9200004f pass=true
NXPERM: CASE id=652 granule=16384 profile=1 ap=3 parent=2 xn=0 el=0 warm=true op=1 upper=true allowed=true status=1 retired=1 fetch=1 data=0 completed=0 provider=0 reply=0 level=4294967295 context=0 esr=0x0 pass=true
NXPERM: CASE id=653 granule=16384 profile=1 ap=3 parent=2 xn=0 el=0 warm=true op=2 upper=true allowed=true status=1 retired=2 fetch=2 data=1 completed=1 provider=0 reply=0 level=4294967295 context=0 esr=0x0 pass=true
NXPERM: CASE id=654 granule=16384 profile=1 ap=3 parent=2 xn=0 el=0 warm=true op=3 upper=true allowed=false status=17 retired=0 fetch=1 data=1 completed=0 provider=0 reply=1 level=3 context=4 esr=0x9200004f pass=true
NXPERM: CASE id=655 granule=16384 profile=1 ap=3 parent=2 xn=0 el=1 warm=false op=1 upper=false allowed=true status=1 retired=1 fetch=1 data=0 completed=0 provider=0 reply=0 level=4294967295 context=0 esr=0x0 pass=true
NXPERM: CASE id=656 granule=16384 profile=1 ap=3 parent=2 xn=0 el=1 warm=false op=2 upper=false allowed=true status=1 retired=2 fetch=2 data=1 completed=1 provider=0 reply=0 level=4294967295 context=0 esr=0x0 pass=true
NXPERM: CASE id=657 granule=16384 profile=1 ap=3 parent=2 xn=0 el=1 warm=false op=3 upper=false allowed=false status=17 retired=0 fetch=1 data=1 completed=0 provider=0 reply=1 level=3 context=3 esr=0x9600004f pass=true
NXPERM: CASE id=658 granule=16384 profile=1 ap=3 parent=2 xn=0 el=1 warm=true op=1 upper=false allowed=true status=1 retired=1 fetch=1 data=0 completed=0 provider=0 reply=0 level=4294967295 context=0 esr=0x0 pass=true
NXPERM: CASE id=659 granule=16384 profile=1 ap=3 parent=2 xn=0 el=1 warm=true op=2 upper=false allowed=true status=1 retired=2 fetch=2 data=1 completed=1 provider=0 reply=0 level=4294967295 context=0 esr=0x0 pass=true
NXPERM: CASE id=660 granule=16384 profile=1 ap=3 parent=2 xn=0 el=1 warm=true op=3 upper=false allowed=false status=17 retired=0 fetch=1 data=1 completed=0 provider=0 reply=1 level=3 context=4 esr=0x9600004f pass=true
NXPERM: CASE id=661 granule=16384 profile=1 ap=3 parent=3 xn=0 el=0 warm=false op=1 upper=false allowed=true status=1 retired=1 fetch=1 data=0 completed=0 provider=0 reply=0 level=4294967295 context=0 esr=0x0 pass=true
NXPERM: CASE id=662 granule=16384 profile=1 ap=3 parent=3 xn=0 el=0 warm=false op=2 upper=false allowed=false status=17 retired=0 fetch=1 data=1 completed=0 provider=0 reply=1 level=3 context=3 esr=0x9200000f pass=true
NXPERM: CASE id=663 granule=16384 profile=1 ap=3 parent=3 xn=0 el=0 warm=false op=3 upper=false allowed=false status=17 retired=0 fetch=1 data=1 completed=0 provider=0 reply=1 level=3 context=3 esr=0x9200004f pass=true
NXPERM: CASE id=664 granule=16384 profile=1 ap=3 parent=3 xn=0 el=0 warm=true op=1 upper=false allowed=true status=1 retired=1 fetch=1 data=0 completed=0 provider=0 reply=0 level=4294967295 context=0 esr=0x0 pass=true
NXPERM: CASE id=665 granule=16384 profile=1 ap=3 parent=3 xn=0 el=0 warm=true op=2 upper=false allowed=false status=17 retired=0 fetch=1 data=1 completed=0 provider=0 reply=1 level=3 context=4 esr=0x9200000f pass=true
NXPERM: CASE id=666 granule=16384 profile=1 ap=3 parent=3 xn=0 el=0 warm=true op=3 upper=false allowed=false status=17 retired=0 fetch=1 data=1 completed=0 provider=0 reply=1 level=3 context=4 esr=0x9200004f pass=true
NXPERM: CASE id=667 granule=16384 profile=1 ap=3 parent=3 xn=0 el=1 warm=false op=1 upper=true allowed=true status=1 retired=1 fetch=1 data=0 completed=0 provider=0 reply=0 level=4294967295 context=0 esr=0x0 pass=true
NXPERM: CASE id=668 granule=16384 profile=1 ap=3 parent=3 xn=0 el=1 warm=false op=2 upper=true allowed=true status=1 retired=2 fetch=2 data=1 completed=1 provider=0 reply=0 level=4294967295 context=0 esr=0x0 pass=true
NXPERM: CASE id=669 granule=16384 profile=1 ap=3 parent=3 xn=0 el=1 warm=false op=3 upper=true allowed=false status=17 retired=0 fetch=1 data=1 completed=0 provider=0 reply=1 level=3 context=3 esr=0x9600004f pass=true
NXPERM: CASE id=670 granule=16384 profile=1 ap=3 parent=3 xn=0 el=1 warm=true op=1 upper=true allowed=true status=1 retired=1 fetch=1 data=0 completed=0 provider=0 reply=0 level=4294967295 context=0 esr=0x0 pass=true
NXPERM: CASE id=671 granule=16384 profile=1 ap=3 parent=3 xn=0 el=1 warm=true op=2 upper=true allowed=true status=1 retired=2 fetch=2 data=1 completed=1 provider=0 reply=0 level=4294967295 context=0 esr=0x0 pass=true
NXPERM: CASE id=672 granule=16384 profile=1 ap=3 parent=3 xn=0 el=1 warm=true op=3 upper=true allowed=false status=17 retired=0 fetch=1 data=1 completed=0 provider=0 reply=1 level=3 context=4 esr=0x9600004f pass=true
NXPERM: CASE id=673 granule=16384 profile=1 ap=1 parent=0 xn=1 el=0 warm=false op=1 upper=true allowed=true status=1 retired=1 fetch=1 data=0 completed=0 provider=0 reply=0 level=4294967295 context=0 esr=0x0 pass=true
NXPERM: CASE id=674 granule=16384 profile=1 ap=1 parent=0 xn=1 el=0 warm=false op=2 upper=true allowed=true status=1 retired=2 fetch=2 data=1 completed=1 provider=0 reply=0 level=4294967295 context=0 esr=0x0 pass=true
NXPERM: CASE id=675 granule=16384 profile=1 ap=1 parent=0 xn=1 el=0 warm=false op=3 upper=true allowed=true status=1 retired=2 fetch=2 data=1 completed=1 provider=0 reply=0 level=4294967295 context=0 esr=0x0 pass=true
NXPERM: CASE id=676 granule=16384 profile=1 ap=1 parent=0 xn=1 el=0 warm=true op=1 upper=true allowed=true status=1 retired=1 fetch=1 data=0 completed=0 provider=0 reply=0 level=4294967295 context=0 esr=0x0 pass=true
NXPERM: CASE id=677 granule=16384 profile=1 ap=1 parent=0 xn=1 el=0 warm=true op=2 upper=true allowed=true status=1 retired=2 fetch=2 data=1 completed=1 provider=0 reply=0 level=4294967295 context=0 esr=0x0 pass=true
NXPERM: CASE id=678 granule=16384 profile=1 ap=1 parent=0 xn=1 el=0 warm=true op=3 upper=true allowed=true status=1 retired=2 fetch=2 data=1 completed=1 provider=0 reply=0 level=4294967295 context=0 esr=0x0 pass=true
NXPERM: CASE id=679 granule=16384 profile=1 ap=1 parent=0 xn=1 el=1 warm=false op=1 upper=false allowed=false status=16 retired=0 fetch=1 data=0 completed=0 provider=0 reply=1 level=3 context=3 esr=0x8600000f pass=true
NXPERM: CASE id=680 granule=16384 profile=1 ap=1 parent=0 xn=1 el=1 warm=false op=2 upper=false allowed=true status=1 retired=2 fetch=2 data=1 completed=1 provider=0 reply=0 level=4294967295 context=0 esr=0x0 pass=true
NXPERM: CASE id=681 granule=16384 profile=1 ap=1 parent=0 xn=1 el=1 warm=false op=3 upper=false allowed=true status=1 retired=2 fetch=2 data=1 completed=1 provider=0 reply=0 level=4294967295 context=0 esr=0x0 pass=true
NXPERM: CASE id=682 granule=16384 profile=1 ap=1 parent=0 xn=1 el=1 warm=true op=1 upper=false allowed=false status=16 retired=0 fetch=1 data=0 completed=0 provider=0 reply=1 level=3 context=4 esr=0x8600000f pass=true
NXPERM: CASE id=683 granule=16384 profile=1 ap=1 parent=0 xn=1 el=1 warm=true op=2 upper=false allowed=true status=1 retired=2 fetch=2 data=1 completed=1 provider=0 reply=0 level=4294967295 context=0 esr=0x0 pass=true
NXPERM: CASE id=684 granule=16384 profile=1 ap=1 parent=0 xn=1 el=1 warm=true op=3 upper=false allowed=true status=1 retired=2 fetch=2 data=1 completed=1 provider=0 reply=0 level=4294967295 context=0 esr=0x0 pass=true
NXPERM: CASE id=685 granule=16384 profile=1 ap=1 parent=2 xn=1 el=0 warm=false op=1 upper=true allowed=true status=1 retired=1 fetch=1 data=0 completed=0 provider=0 reply=0 level=4294967295 context=0 esr=0x0 pass=true
NXPERM: CASE id=686 granule=16384 profile=1 ap=1 parent=2 xn=1 el=0 warm=false op=2 upper=true allowed=true status=1 retired=2 fetch=2 data=1 completed=1 provider=0 reply=0 level=4294967295 context=0 esr=0x0 pass=true
NXPERM: CASE id=687 granule=16384 profile=1 ap=1 parent=2 xn=1 el=0 warm=false op=3 upper=true allowed=false status=17 retired=0 fetch=1 data=1 completed=0 provider=0 reply=1 level=3 context=3 esr=0x9200004f pass=true
NXPERM: CASE id=688 granule=16384 profile=1 ap=1 parent=2 xn=1 el=0 warm=true op=1 upper=true allowed=true status=1 retired=1 fetch=1 data=0 completed=0 provider=0 reply=0 level=4294967295 context=0 esr=0x0 pass=true
NXPERM: CASE id=689 granule=16384 profile=1 ap=1 parent=2 xn=1 el=0 warm=true op=2 upper=true allowed=true status=1 retired=2 fetch=2 data=1 completed=1 provider=0 reply=0 level=4294967295 context=0 esr=0x0 pass=true
NXPERM: CASE id=690 granule=16384 profile=1 ap=1 parent=2 xn=1 el=0 warm=true op=3 upper=true allowed=false status=17 retired=0 fetch=1 data=1 completed=0 provider=0 reply=1 level=3 context=4 esr=0x9200004f pass=true
NXPERM: CASE id=691 granule=16384 profile=1 ap=1 parent=2 xn=1 el=1 warm=false op=1 upper=false allowed=false status=16 retired=0 fetch=1 data=0 completed=0 provider=0 reply=1 level=3 context=3 esr=0x8600000f pass=true
NXPERM: CASE id=692 granule=16384 profile=1 ap=1 parent=2 xn=1 el=1 warm=false op=2 upper=false allowed=true status=1 retired=2 fetch=2 data=1 completed=1 provider=0 reply=0 level=4294967295 context=0 esr=0x0 pass=true
NXPERM: CASE id=693 granule=16384 profile=1 ap=1 parent=2 xn=1 el=1 warm=false op=3 upper=false allowed=false status=17 retired=0 fetch=1 data=1 completed=0 provider=0 reply=1 level=3 context=3 esr=0x9600004f pass=true
NXPERM: CASE id=694 granule=16384 profile=1 ap=1 parent=2 xn=1 el=1 warm=true op=1 upper=false allowed=false status=16 retired=0 fetch=1 data=0 completed=0 provider=0 reply=1 level=3 context=4 esr=0x8600000f pass=true
NXPERM: CASE id=695 granule=16384 profile=1 ap=1 parent=2 xn=1 el=1 warm=true op=2 upper=false allowed=true status=1 retired=2 fetch=2 data=1 completed=1 provider=0 reply=0 level=4294967295 context=0 esr=0x0 pass=true
NXPERM: CASE id=696 granule=16384 profile=1 ap=1 parent=2 xn=1 el=1 warm=true op=3 upper=false allowed=false status=17 retired=0 fetch=1 data=1 completed=0 provider=0 reply=1 level=3 context=4 esr=0x9600004f pass=true
NXPERM: CASE id=697 granule=16384 profile=1 ap=1 parent=0 xn=2 el=0 warm=false op=1 upper=true allowed=false status=16 retired=0 fetch=1 data=0 completed=0 provider=0 reply=1 level=3 context=3 esr=0x8200000f pass=true
NXPERM: CASE id=698 granule=16384 profile=1 ap=1 parent=0 xn=2 el=0 warm=false op=2 upper=true allowed=true status=1 retired=2 fetch=2 data=1 completed=1 provider=0 reply=0 level=4294967295 context=0 esr=0x0 pass=true
NXPERM: CASE id=699 granule=16384 profile=1 ap=1 parent=0 xn=2 el=0 warm=false op=3 upper=true allowed=true status=1 retired=2 fetch=2 data=1 completed=1 provider=0 reply=0 level=4294967295 context=0 esr=0x0 pass=true
NXPERM: CASE id=700 granule=16384 profile=1 ap=1 parent=0 xn=2 el=0 warm=true op=1 upper=true allowed=false status=16 retired=0 fetch=1 data=0 completed=0 provider=0 reply=1 level=3 context=4 esr=0x8200000f pass=true
NXPERM: CASE id=701 granule=16384 profile=1 ap=1 parent=0 xn=2 el=0 warm=true op=2 upper=true allowed=true status=1 retired=2 fetch=2 data=1 completed=1 provider=0 reply=0 level=4294967295 context=0 esr=0x0 pass=true
NXPERM: CASE id=702 granule=16384 profile=1 ap=1 parent=0 xn=2 el=0 warm=true op=3 upper=true allowed=true status=1 retired=2 fetch=2 data=1 completed=1 provider=0 reply=0 level=4294967295 context=0 esr=0x0 pass=true
NXPERM: CASE id=703 granule=16384 profile=1 ap=1 parent=0 xn=2 el=1 warm=false op=1 upper=false allowed=false status=16 retired=0 fetch=1 data=0 completed=0 provider=0 reply=1 level=3 context=3 esr=0x8600000f pass=true
NXPERM: CASE id=704 granule=16384 profile=1 ap=1 parent=0 xn=2 el=1 warm=false op=2 upper=false allowed=true status=1 retired=2 fetch=2 data=1 completed=1 provider=0 reply=0 level=4294967295 context=0 esr=0x0 pass=true
NXPERM: CASE id=705 granule=16384 profile=1 ap=1 parent=0 xn=2 el=1 warm=false op=3 upper=false allowed=true status=1 retired=2 fetch=2 data=1 completed=1 provider=0 reply=0 level=4294967295 context=0 esr=0x0 pass=true
NXPERM: CASE id=706 granule=16384 profile=1 ap=1 parent=0 xn=2 el=1 warm=true op=1 upper=false allowed=false status=16 retired=0 fetch=1 data=0 completed=0 provider=0 reply=1 level=3 context=4 esr=0x8600000f pass=true
NXPERM: CASE id=707 granule=16384 profile=1 ap=1 parent=0 xn=2 el=1 warm=true op=2 upper=false allowed=true status=1 retired=2 fetch=2 data=1 completed=1 provider=0 reply=0 level=4294967295 context=0 esr=0x0 pass=true
NXPERM: CASE id=708 granule=16384 profile=1 ap=1 parent=0 xn=2 el=1 warm=true op=3 upper=false allowed=true status=1 retired=2 fetch=2 data=1 completed=1 provider=0 reply=0 level=4294967295 context=0 esr=0x0 pass=true
NXPERM: CASE id=709 granule=16384 profile=1 ap=1 parent=2 xn=2 el=0 warm=false op=1 upper=true allowed=false status=16 retired=0 fetch=1 data=0 completed=0 provider=0 reply=1 level=3 context=3 esr=0x8200000f pass=true
NXPERM: CASE id=710 granule=16384 profile=1 ap=1 parent=2 xn=2 el=0 warm=false op=2 upper=true allowed=true status=1 retired=2 fetch=2 data=1 completed=1 provider=0 reply=0 level=4294967295 context=0 esr=0x0 pass=true
NXPERM: CASE id=711 granule=16384 profile=1 ap=1 parent=2 xn=2 el=0 warm=false op=3 upper=true allowed=false status=17 retired=0 fetch=1 data=1 completed=0 provider=0 reply=1 level=3 context=3 esr=0x9200004f pass=true
NXPERM: CASE id=712 granule=16384 profile=1 ap=1 parent=2 xn=2 el=0 warm=true op=1 upper=true allowed=false status=16 retired=0 fetch=1 data=0 completed=0 provider=0 reply=1 level=3 context=4 esr=0x8200000f pass=true
NXPERM: CASE id=713 granule=16384 profile=1 ap=1 parent=2 xn=2 el=0 warm=true op=2 upper=true allowed=true status=1 retired=2 fetch=2 data=1 completed=1 provider=0 reply=0 level=4294967295 context=0 esr=0x0 pass=true
NXPERM: CASE id=714 granule=16384 profile=1 ap=1 parent=2 xn=2 el=0 warm=true op=3 upper=true allowed=false status=17 retired=0 fetch=1 data=1 completed=0 provider=0 reply=1 level=3 context=4 esr=0x9200004f pass=true
NXPERM: CASE id=715 granule=16384 profile=1 ap=1 parent=2 xn=2 el=1 warm=false op=1 upper=false allowed=true status=1 retired=1 fetch=1 data=0 completed=0 provider=0 reply=0 level=4294967295 context=0 esr=0x0 pass=true
NXPERM: CASE id=716 granule=16384 profile=1 ap=1 parent=2 xn=2 el=1 warm=false op=2 upper=false allowed=true status=1 retired=2 fetch=2 data=1 completed=1 provider=0 reply=0 level=4294967295 context=0 esr=0x0 pass=true
NXPERM: CASE id=717 granule=16384 profile=1 ap=1 parent=2 xn=2 el=1 warm=false op=3 upper=false allowed=false status=17 retired=0 fetch=1 data=1 completed=0 provider=0 reply=1 level=3 context=3 esr=0x9600004f pass=true
NXPERM: CASE id=718 granule=16384 profile=1 ap=1 parent=2 xn=2 el=1 warm=true op=1 upper=false allowed=true status=1 retired=1 fetch=1 data=0 completed=0 provider=0 reply=0 level=4294967295 context=0 esr=0x0 pass=true
NXPERM: CASE id=719 granule=16384 profile=1 ap=1 parent=2 xn=2 el=1 warm=true op=2 upper=false allowed=true status=1 retired=2 fetch=2 data=1 completed=1 provider=0 reply=0 level=4294967295 context=0 esr=0x0 pass=true
NXPERM: CASE id=720 granule=16384 profile=1 ap=1 parent=2 xn=2 el=1 warm=true op=3 upper=false allowed=false status=17 retired=0 fetch=1 data=1 completed=0 provider=0 reply=1 level=3 context=4 esr=0x9600004f pass=true
NXPERM: CASE id=721 granule=16384 profile=3 ap=0 parent=0 xn=0 el=0 warm=false op=1 upper=false allowed=true status=1 retired=1 fetch=1 data=0 completed=0 provider=0 reply=0 level=4294967295 context=0 esr=0x0 pass=true
NXPERM: CASE id=722 granule=16384 profile=3 ap=0 parent=0 xn=0 el=0 warm=false op=2 upper=false allowed=false status=17 retired=0 fetch=1 data=1 completed=0 provider=0 reply=1 level=3 context=3 esr=0x9200000f pass=true
NXPERM: CASE id=723 granule=16384 profile=3 ap=0 parent=0 xn=0 el=0 warm=false op=3 upper=false allowed=false status=17 retired=0 fetch=1 data=1 completed=0 provider=0 reply=1 level=3 context=3 esr=0x9200004f pass=true
NXPERM: CASE id=724 granule=16384 profile=3 ap=0 parent=0 xn=0 el=0 warm=true op=1 upper=false allowed=true status=1 retired=1 fetch=1 data=0 completed=0 provider=0 reply=0 level=4294967295 context=0 esr=0x0 pass=true
NXPERM: CASE id=725 granule=16384 profile=3 ap=0 parent=0 xn=0 el=0 warm=true op=2 upper=false allowed=false status=17 retired=0 fetch=1 data=1 completed=0 provider=0 reply=1 level=3 context=4 esr=0x9200000f pass=true
NXPERM: CASE id=726 granule=16384 profile=3 ap=0 parent=0 xn=0 el=0 warm=true op=3 upper=false allowed=false status=17 retired=0 fetch=1 data=1 completed=0 provider=0 reply=1 level=3 context=4 esr=0x9200004f pass=true
NXPERM: CASE id=727 granule=16384 profile=3 ap=0 parent=0 xn=0 el=1 warm=false op=1 upper=true allowed=true status=1 retired=1 fetch=1 data=0 completed=0 provider=0 reply=0 level=4294967295 context=0 esr=0x0 pass=true
NXPERM: CASE id=728 granule=16384 profile=3 ap=0 parent=0 xn=0 el=1 warm=false op=2 upper=true allowed=true status=1 retired=2 fetch=2 data=1 completed=1 provider=0 reply=0 level=4294967295 context=0 esr=0x0 pass=true
NXPERM: CASE id=729 granule=16384 profile=3 ap=0 parent=0 xn=0 el=1 warm=false op=3 upper=true allowed=true status=1 retired=2 fetch=2 data=1 completed=1 provider=0 reply=0 level=4294967295 context=0 esr=0x0 pass=true
NXPERM: CASE id=730 granule=16384 profile=3 ap=0 parent=0 xn=0 el=1 warm=true op=1 upper=true allowed=true status=1 retired=1 fetch=1 data=0 completed=0 provider=0 reply=0 level=4294967295 context=0 esr=0x0 pass=true
NXPERM: CASE id=731 granule=16384 profile=3 ap=0 parent=0 xn=0 el=1 warm=true op=2 upper=true allowed=true status=1 retired=2 fetch=2 data=1 completed=1 provider=0 reply=0 level=4294967295 context=0 esr=0x0 pass=true
NXPERM: CASE id=732 granule=16384 profile=3 ap=0 parent=0 xn=0 el=1 warm=true op=3 upper=true allowed=true status=1 retired=2 fetch=2 data=1 completed=1 provider=0 reply=0 level=4294967295 context=0 esr=0x0 pass=true
NXPERM: CASE id=733 granule=16384 profile=3 ap=0 parent=1 xn=0 el=0 warm=false op=1 upper=true allowed=true status=1 retired=1 fetch=1 data=0 completed=0 provider=0 reply=0 level=4294967295 context=0 esr=0x0 pass=true
NXPERM: CASE id=734 granule=16384 profile=3 ap=0 parent=1 xn=0 el=0 warm=false op=2 upper=true allowed=false status=17 retired=0 fetch=1 data=1 completed=0 provider=0 reply=1 level=3 context=3 esr=0x9200000f pass=true
NXPERM: CASE id=735 granule=16384 profile=3 ap=0 parent=1 xn=0 el=0 warm=false op=3 upper=true allowed=false status=17 retired=0 fetch=1 data=1 completed=0 provider=0 reply=1 level=3 context=3 esr=0x9200004f pass=true
NXPERM: CASE id=736 granule=16384 profile=3 ap=0 parent=1 xn=0 el=0 warm=true op=1 upper=true allowed=true status=1 retired=1 fetch=1 data=0 completed=0 provider=0 reply=0 level=4294967295 context=0 esr=0x0 pass=true
NXPERM: CASE id=737 granule=16384 profile=3 ap=0 parent=1 xn=0 el=0 warm=true op=2 upper=true allowed=false status=17 retired=0 fetch=1 data=1 completed=0 provider=0 reply=1 level=3 context=4 esr=0x9200000f pass=true
NXPERM: CASE id=738 granule=16384 profile=3 ap=0 parent=1 xn=0 el=0 warm=true op=3 upper=true allowed=false status=17 retired=0 fetch=1 data=1 completed=0 provider=0 reply=1 level=3 context=4 esr=0x9200004f pass=true
NXPERM: CASE id=739 granule=16384 profile=3 ap=0 parent=1 xn=0 el=1 warm=false op=1 upper=false allowed=true status=1 retired=1 fetch=1 data=0 completed=0 provider=0 reply=0 level=4294967295 context=0 esr=0x0 pass=true
NXPERM: CASE id=740 granule=16384 profile=3 ap=0 parent=1 xn=0 el=1 warm=false op=2 upper=false allowed=true status=1 retired=2 fetch=2 data=1 completed=1 provider=0 reply=0 level=4294967295 context=0 esr=0x0 pass=true
NXPERM: CASE id=741 granule=16384 profile=3 ap=0 parent=1 xn=0 el=1 warm=false op=3 upper=false allowed=true status=1 retired=2 fetch=2 data=1 completed=1 provider=0 reply=0 level=4294967295 context=0 esr=0x0 pass=true
NXPERM: CASE id=742 granule=16384 profile=3 ap=0 parent=1 xn=0 el=1 warm=true op=1 upper=false allowed=true status=1 retired=1 fetch=1 data=0 completed=0 provider=0 reply=0 level=4294967295 context=0 esr=0x0 pass=true
NXPERM: CASE id=743 granule=16384 profile=3 ap=0 parent=1 xn=0 el=1 warm=true op=2 upper=false allowed=true status=1 retired=2 fetch=2 data=1 completed=1 provider=0 reply=0 level=4294967295 context=0 esr=0x0 pass=true
NXPERM: CASE id=744 granule=16384 profile=3 ap=0 parent=1 xn=0 el=1 warm=true op=3 upper=false allowed=true status=1 retired=2 fetch=2 data=1 completed=1 provider=0 reply=0 level=4294967295 context=0 esr=0x0 pass=true
NXPERM: CASE id=745 granule=16384 profile=3 ap=0 parent=2 xn=0 el=0 warm=false op=1 upper=false allowed=true status=1 retired=1 fetch=1 data=0 completed=0 provider=0 reply=0 level=4294967295 context=0 esr=0x0 pass=true
NXPERM: CASE id=746 granule=16384 profile=3 ap=0 parent=2 xn=0 el=0 warm=false op=2 upper=false allowed=false status=17 retired=0 fetch=1 data=1 completed=0 provider=0 reply=1 level=3 context=3 esr=0x9200000f pass=true
NXPERM: CASE id=747 granule=16384 profile=3 ap=0 parent=2 xn=0 el=0 warm=false op=3 upper=false allowed=false status=17 retired=0 fetch=1 data=1 completed=0 provider=0 reply=1 level=3 context=3 esr=0x9200004f pass=true
NXPERM: CASE id=748 granule=16384 profile=3 ap=0 parent=2 xn=0 el=0 warm=true op=1 upper=false allowed=true status=1 retired=1 fetch=1 data=0 completed=0 provider=0 reply=0 level=4294967295 context=0 esr=0x0 pass=true
NXPERM: CASE id=749 granule=16384 profile=3 ap=0 parent=2 xn=0 el=0 warm=true op=2 upper=false allowed=false status=17 retired=0 fetch=1 data=1 completed=0 provider=0 reply=1 level=3 context=4 esr=0x9200000f pass=true
NXPERM: CASE id=750 granule=16384 profile=3 ap=0 parent=2 xn=0 el=0 warm=true op=3 upper=false allowed=false status=17 retired=0 fetch=1 data=1 completed=0 provider=0 reply=1 level=3 context=4 esr=0x9200004f pass=true
NXPERM: CASE id=751 granule=16384 profile=3 ap=0 parent=2 xn=0 el=1 warm=false op=1 upper=true allowed=true status=1 retired=1 fetch=1 data=0 completed=0 provider=0 reply=0 level=4294967295 context=0 esr=0x0 pass=true
NXPERM: CASE id=752 granule=16384 profile=3 ap=0 parent=2 xn=0 el=1 warm=false op=2 upper=true allowed=true status=1 retired=2 fetch=2 data=1 completed=1 provider=0 reply=0 level=4294967295 context=0 esr=0x0 pass=true
NXPERM: CASE id=753 granule=16384 profile=3 ap=0 parent=2 xn=0 el=1 warm=false op=3 upper=true allowed=false status=17 retired=0 fetch=1 data=1 completed=0 provider=0 reply=1 level=3 context=3 esr=0x9600004f pass=true
NXPERM: CASE id=754 granule=16384 profile=3 ap=0 parent=2 xn=0 el=1 warm=true op=1 upper=true allowed=true status=1 retired=1 fetch=1 data=0 completed=0 provider=0 reply=0 level=4294967295 context=0 esr=0x0 pass=true
NXPERM: CASE id=755 granule=16384 profile=3 ap=0 parent=2 xn=0 el=1 warm=true op=2 upper=true allowed=true status=1 retired=2 fetch=2 data=1 completed=1 provider=0 reply=0 level=4294967295 context=0 esr=0x0 pass=true
NXPERM: CASE id=756 granule=16384 profile=3 ap=0 parent=2 xn=0 el=1 warm=true op=3 upper=true allowed=false status=17 retired=0 fetch=1 data=1 completed=0 provider=0 reply=1 level=3 context=4 esr=0x9600004f pass=true
NXPERM: CASE id=757 granule=16384 profile=3 ap=0 parent=3 xn=0 el=0 warm=false op=1 upper=true allowed=true status=1 retired=1 fetch=1 data=0 completed=0 provider=0 reply=0 level=4294967295 context=0 esr=0x0 pass=true
NXPERM: CASE id=758 granule=16384 profile=3 ap=0 parent=3 xn=0 el=0 warm=false op=2 upper=true allowed=false status=17 retired=0 fetch=1 data=1 completed=0 provider=0 reply=1 level=3 context=3 esr=0x9200000f pass=true
NXPERM: CASE id=759 granule=16384 profile=3 ap=0 parent=3 xn=0 el=0 warm=false op=3 upper=true allowed=false status=17 retired=0 fetch=1 data=1 completed=0 provider=0 reply=1 level=3 context=3 esr=0x9200004f pass=true
NXPERM: CASE id=760 granule=16384 profile=3 ap=0 parent=3 xn=0 el=0 warm=true op=1 upper=true allowed=true status=1 retired=1 fetch=1 data=0 completed=0 provider=0 reply=0 level=4294967295 context=0 esr=0x0 pass=true
NXPERM: CASE id=761 granule=16384 profile=3 ap=0 parent=3 xn=0 el=0 warm=true op=2 upper=true allowed=false status=17 retired=0 fetch=1 data=1 completed=0 provider=0 reply=1 level=3 context=4 esr=0x9200000f pass=true
NXPERM: CASE id=762 granule=16384 profile=3 ap=0 parent=3 xn=0 el=0 warm=true op=3 upper=true allowed=false status=17 retired=0 fetch=1 data=1 completed=0 provider=0 reply=1 level=3 context=4 esr=0x9200004f pass=true
NXPERM: CASE id=763 granule=16384 profile=3 ap=0 parent=3 xn=0 el=1 warm=false op=1 upper=false allowed=true status=1 retired=1 fetch=1 data=0 completed=0 provider=0 reply=0 level=4294967295 context=0 esr=0x0 pass=true
NXPERM: CASE id=764 granule=16384 profile=3 ap=0 parent=3 xn=0 el=1 warm=false op=2 upper=false allowed=true status=1 retired=2 fetch=2 data=1 completed=1 provider=0 reply=0 level=4294967295 context=0 esr=0x0 pass=true
NXPERM: CASE id=765 granule=16384 profile=3 ap=0 parent=3 xn=0 el=1 warm=false op=3 upper=false allowed=false status=17 retired=0 fetch=1 data=1 completed=0 provider=0 reply=1 level=3 context=3 esr=0x9600004f pass=true
NXPERM: CASE id=766 granule=16384 profile=3 ap=0 parent=3 xn=0 el=1 warm=true op=1 upper=false allowed=true status=1 retired=1 fetch=1 data=0 completed=0 provider=0 reply=0 level=4294967295 context=0 esr=0x0 pass=true
NXPERM: CASE id=767 granule=16384 profile=3 ap=0 parent=3 xn=0 el=1 warm=true op=2 upper=false allowed=true status=1 retired=2 fetch=2 data=1 completed=1 provider=0 reply=0 level=4294967295 context=0 esr=0x0 pass=true
NXPERM: CASE id=768 granule=16384 profile=3 ap=0 parent=3 xn=0 el=1 warm=true op=3 upper=false allowed=false status=17 retired=0 fetch=1 data=1 completed=0 provider=0 reply=1 level=3 context=4 esr=0x9600004f pass=true
NXPERM: CASE id=769 granule=16384 profile=3 ap=1 parent=0 xn=0 el=0 warm=false op=1 upper=true allowed=true status=1 retired=1 fetch=1 data=0 completed=0 provider=0 reply=0 level=4294967295 context=0 esr=0x0 pass=true
NXPERM: CASE id=770 granule=16384 profile=3 ap=1 parent=0 xn=0 el=0 warm=false op=2 upper=true allowed=true status=1 retired=2 fetch=2 data=1 completed=1 provider=0 reply=0 level=4294967295 context=0 esr=0x0 pass=true
NXPERM: CASE id=771 granule=16384 profile=3 ap=1 parent=0 xn=0 el=0 warm=false op=3 upper=true allowed=true status=1 retired=2 fetch=2 data=1 completed=1 provider=0 reply=0 level=4294967295 context=0 esr=0x0 pass=true
NXPERM: CASE id=772 granule=16384 profile=3 ap=1 parent=0 xn=0 el=0 warm=true op=1 upper=true allowed=true status=1 retired=1 fetch=1 data=0 completed=0 provider=0 reply=0 level=4294967295 context=0 esr=0x0 pass=true
NXPERM: CASE id=773 granule=16384 profile=3 ap=1 parent=0 xn=0 el=0 warm=true op=2 upper=true allowed=true status=1 retired=2 fetch=2 data=1 completed=1 provider=0 reply=0 level=4294967295 context=0 esr=0x0 pass=true
NXPERM: CASE id=774 granule=16384 profile=3 ap=1 parent=0 xn=0 el=0 warm=true op=3 upper=true allowed=true status=1 retired=2 fetch=2 data=1 completed=1 provider=0 reply=0 level=4294967295 context=0 esr=0x0 pass=true
NXPERM: CASE id=775 granule=16384 profile=3 ap=1 parent=0 xn=0 el=1 warm=false op=1 upper=false allowed=false status=16 retired=0 fetch=1 data=0 completed=0 provider=0 reply=1 level=3 context=3 esr=0x8600000f pass=true
NXPERM: CASE id=776 granule=16384 profile=3 ap=1 parent=0 xn=0 el=1 warm=false op=2 upper=false allowed=true status=1 retired=2 fetch=2 data=1 completed=1 provider=0 reply=0 level=4294967295 context=0 esr=0x0 pass=true
NXPERM: CASE id=777 granule=16384 profile=3 ap=1 parent=0 xn=0 el=1 warm=false op=3 upper=false allowed=true status=1 retired=2 fetch=2 data=1 completed=1 provider=0 reply=0 level=4294967295 context=0 esr=0x0 pass=true
NXPERM: CASE id=778 granule=16384 profile=3 ap=1 parent=0 xn=0 el=1 warm=true op=1 upper=false allowed=false status=16 retired=0 fetch=1 data=0 completed=0 provider=0 reply=1 level=3 context=4 esr=0x8600000f pass=true
NXPERM: CASE id=779 granule=16384 profile=3 ap=1 parent=0 xn=0 el=1 warm=true op=2 upper=false allowed=true status=1 retired=2 fetch=2 data=1 completed=1 provider=0 reply=0 level=4294967295 context=0 esr=0x0 pass=true
NXPERM: CASE id=780 granule=16384 profile=3 ap=1 parent=0 xn=0 el=1 warm=true op=3 upper=false allowed=true status=1 retired=2 fetch=2 data=1 completed=1 provider=0 reply=0 level=4294967295 context=0 esr=0x0 pass=true
NXPERM: CASE id=781 granule=16384 profile=3 ap=1 parent=1 xn=0 el=0 warm=false op=1 upper=false allowed=true status=1 retired=1 fetch=1 data=0 completed=0 provider=0 reply=0 level=4294967295 context=0 esr=0x0 pass=true
NXPERM: CASE id=782 granule=16384 profile=3 ap=1 parent=1 xn=0 el=0 warm=false op=2 upper=false allowed=false status=17 retired=0 fetch=1 data=1 completed=0 provider=0 reply=1 level=3 context=3 esr=0x9200000f pass=true
NXPERM: CASE id=783 granule=16384 profile=3 ap=1 parent=1 xn=0 el=0 warm=false op=3 upper=false allowed=false status=17 retired=0 fetch=1 data=1 completed=0 provider=0 reply=1 level=3 context=3 esr=0x9200004f pass=true
NXPERM: CASE id=784 granule=16384 profile=3 ap=1 parent=1 xn=0 el=0 warm=true op=1 upper=false allowed=true status=1 retired=1 fetch=1 data=0 completed=0 provider=0 reply=0 level=4294967295 context=0 esr=0x0 pass=true
NXPERM: CASE id=785 granule=16384 profile=3 ap=1 parent=1 xn=0 el=0 warm=true op=2 upper=false allowed=false status=17 retired=0 fetch=1 data=1 completed=0 provider=0 reply=1 level=3 context=4 esr=0x9200000f pass=true
NXPERM: CASE id=786 granule=16384 profile=3 ap=1 parent=1 xn=0 el=0 warm=true op=3 upper=false allowed=false status=17 retired=0 fetch=1 data=1 completed=0 provider=0 reply=1 level=3 context=4 esr=0x9200004f pass=true
NXPERM: CASE id=787 granule=16384 profile=3 ap=1 parent=1 xn=0 el=1 warm=false op=1 upper=true allowed=true status=1 retired=1 fetch=1 data=0 completed=0 provider=0 reply=0 level=4294967295 context=0 esr=0x0 pass=true
NXPERM: CASE id=788 granule=16384 profile=3 ap=1 parent=1 xn=0 el=1 warm=false op=2 upper=true allowed=true status=1 retired=2 fetch=2 data=1 completed=1 provider=0 reply=0 level=4294967295 context=0 esr=0x0 pass=true
NXPERM: CASE id=789 granule=16384 profile=3 ap=1 parent=1 xn=0 el=1 warm=false op=3 upper=true allowed=true status=1 retired=2 fetch=2 data=1 completed=1 provider=0 reply=0 level=4294967295 context=0 esr=0x0 pass=true
NXPERM: CASE id=790 granule=16384 profile=3 ap=1 parent=1 xn=0 el=1 warm=true op=1 upper=true allowed=true status=1 retired=1 fetch=1 data=0 completed=0 provider=0 reply=0 level=4294967295 context=0 esr=0x0 pass=true
NXPERM: CASE id=791 granule=16384 profile=3 ap=1 parent=1 xn=0 el=1 warm=true op=2 upper=true allowed=true status=1 retired=2 fetch=2 data=1 completed=1 provider=0 reply=0 level=4294967295 context=0 esr=0x0 pass=true
NXPERM: CASE id=792 granule=16384 profile=3 ap=1 parent=1 xn=0 el=1 warm=true op=3 upper=true allowed=true status=1 retired=2 fetch=2 data=1 completed=1 provider=0 reply=0 level=4294967295 context=0 esr=0x0 pass=true
NXPERM: CASE id=793 granule=16384 profile=3 ap=1 parent=2 xn=0 el=0 warm=false op=1 upper=true allowed=true status=1 retired=1 fetch=1 data=0 completed=0 provider=0 reply=0 level=4294967295 context=0 esr=0x0 pass=true
NXPERM: CASE id=794 granule=16384 profile=3 ap=1 parent=2 xn=0 el=0 warm=false op=2 upper=true allowed=true status=1 retired=2 fetch=2 data=1 completed=1 provider=0 reply=0 level=4294967295 context=0 esr=0x0 pass=true
NXPERM: CASE id=795 granule=16384 profile=3 ap=1 parent=2 xn=0 el=0 warm=false op=3 upper=true allowed=false status=17 retired=0 fetch=1 data=1 completed=0 provider=0 reply=1 level=3 context=3 esr=0x9200004f pass=true
NXPERM: CASE id=796 granule=16384 profile=3 ap=1 parent=2 xn=0 el=0 warm=true op=1 upper=true allowed=true status=1 retired=1 fetch=1 data=0 completed=0 provider=0 reply=0 level=4294967295 context=0 esr=0x0 pass=true
NXPERM: CASE id=797 granule=16384 profile=3 ap=1 parent=2 xn=0 el=0 warm=true op=2 upper=true allowed=true status=1 retired=2 fetch=2 data=1 completed=1 provider=0 reply=0 level=4294967295 context=0 esr=0x0 pass=true
NXPERM: CASE id=798 granule=16384 profile=3 ap=1 parent=2 xn=0 el=0 warm=true op=3 upper=true allowed=false status=17 retired=0 fetch=1 data=1 completed=0 provider=0 reply=1 level=3 context=4 esr=0x9200004f pass=true
NXPERM: CASE id=799 granule=16384 profile=3 ap=1 parent=2 xn=0 el=1 warm=false op=1 upper=false allowed=true status=1 retired=1 fetch=1 data=0 completed=0 provider=0 reply=0 level=4294967295 context=0 esr=0x0 pass=true
NXPERM: CASE id=800 granule=16384 profile=3 ap=1 parent=2 xn=0 el=1 warm=false op=2 upper=false allowed=true status=1 retired=2 fetch=2 data=1 completed=1 provider=0 reply=0 level=4294967295 context=0 esr=0x0 pass=true
NXPERM: CASE id=801 granule=16384 profile=3 ap=1 parent=2 xn=0 el=1 warm=false op=3 upper=false allowed=false status=17 retired=0 fetch=1 data=1 completed=0 provider=0 reply=1 level=3 context=3 esr=0x9600004f pass=true
NXPERM: CASE id=802 granule=16384 profile=3 ap=1 parent=2 xn=0 el=1 warm=true op=1 upper=false allowed=true status=1 retired=1 fetch=1 data=0 completed=0 provider=0 reply=0 level=4294967295 context=0 esr=0x0 pass=true
NXPERM: CASE id=803 granule=16384 profile=3 ap=1 parent=2 xn=0 el=1 warm=true op=2 upper=false allowed=true status=1 retired=2 fetch=2 data=1 completed=1 provider=0 reply=0 level=4294967295 context=0 esr=0x0 pass=true
NXPERM: CASE id=804 granule=16384 profile=3 ap=1 parent=2 xn=0 el=1 warm=true op=3 upper=false allowed=false status=17 retired=0 fetch=1 data=1 completed=0 provider=0 reply=1 level=3 context=4 esr=0x9600004f pass=true
NXPERM: CASE id=805 granule=16384 profile=3 ap=1 parent=3 xn=0 el=0 warm=false op=1 upper=false allowed=true status=1 retired=1 fetch=1 data=0 completed=0 provider=0 reply=0 level=4294967295 context=0 esr=0x0 pass=true
NXPERM: CASE id=806 granule=16384 profile=3 ap=1 parent=3 xn=0 el=0 warm=false op=2 upper=false allowed=false status=17 retired=0 fetch=1 data=1 completed=0 provider=0 reply=1 level=3 context=3 esr=0x9200000f pass=true
NXPERM: CASE id=807 granule=16384 profile=3 ap=1 parent=3 xn=0 el=0 warm=false op=3 upper=false allowed=false status=17 retired=0 fetch=1 data=1 completed=0 provider=0 reply=1 level=3 context=3 esr=0x9200004f pass=true
NXPERM: CASE id=808 granule=16384 profile=3 ap=1 parent=3 xn=0 el=0 warm=true op=1 upper=false allowed=true status=1 retired=1 fetch=1 data=0 completed=0 provider=0 reply=0 level=4294967295 context=0 esr=0x0 pass=true
NXPERM: CASE id=809 granule=16384 profile=3 ap=1 parent=3 xn=0 el=0 warm=true op=2 upper=false allowed=false status=17 retired=0 fetch=1 data=1 completed=0 provider=0 reply=1 level=3 context=4 esr=0x9200000f pass=true
NXPERM: CASE id=810 granule=16384 profile=3 ap=1 parent=3 xn=0 el=0 warm=true op=3 upper=false allowed=false status=17 retired=0 fetch=1 data=1 completed=0 provider=0 reply=1 level=3 context=4 esr=0x9200004f pass=true
NXPERM: CASE id=811 granule=16384 profile=3 ap=1 parent=3 xn=0 el=1 warm=false op=1 upper=true allowed=true status=1 retired=1 fetch=1 data=0 completed=0 provider=0 reply=0 level=4294967295 context=0 esr=0x0 pass=true
NXPERM: CASE id=812 granule=16384 profile=3 ap=1 parent=3 xn=0 el=1 warm=false op=2 upper=true allowed=true status=1 retired=2 fetch=2 data=1 completed=1 provider=0 reply=0 level=4294967295 context=0 esr=0x0 pass=true
NXPERM: CASE id=813 granule=16384 profile=3 ap=1 parent=3 xn=0 el=1 warm=false op=3 upper=true allowed=false status=17 retired=0 fetch=1 data=1 completed=0 provider=0 reply=1 level=3 context=3 esr=0x9600004f pass=true
NXPERM: CASE id=814 granule=16384 profile=3 ap=1 parent=3 xn=0 el=1 warm=true op=1 upper=true allowed=true status=1 retired=1 fetch=1 data=0 completed=0 provider=0 reply=0 level=4294967295 context=0 esr=0x0 pass=true
NXPERM: CASE id=815 granule=16384 profile=3 ap=1 parent=3 xn=0 el=1 warm=true op=2 upper=true allowed=true status=1 retired=2 fetch=2 data=1 completed=1 provider=0 reply=0 level=4294967295 context=0 esr=0x0 pass=true
NXPERM: CASE id=816 granule=16384 profile=3 ap=1 parent=3 xn=0 el=1 warm=true op=3 upper=true allowed=false status=17 retired=0 fetch=1 data=1 completed=0 provider=0 reply=1 level=3 context=4 esr=0x9600004f pass=true
NXPERM: CASE id=817 granule=16384 profile=3 ap=2 parent=0 xn=0 el=0 warm=false op=1 upper=false allowed=true status=1 retired=1 fetch=1 data=0 completed=0 provider=0 reply=0 level=4294967295 context=0 esr=0x0 pass=true
NXPERM: CASE id=818 granule=16384 profile=3 ap=2 parent=0 xn=0 el=0 warm=false op=2 upper=false allowed=false status=17 retired=0 fetch=1 data=1 completed=0 provider=0 reply=1 level=3 context=3 esr=0x9200000f pass=true
NXPERM: CASE id=819 granule=16384 profile=3 ap=2 parent=0 xn=0 el=0 warm=false op=3 upper=false allowed=false status=17 retired=0 fetch=1 data=1 completed=0 provider=0 reply=1 level=3 context=3 esr=0x9200004f pass=true
NXPERM: CASE id=820 granule=16384 profile=3 ap=2 parent=0 xn=0 el=0 warm=true op=1 upper=false allowed=true status=1 retired=1 fetch=1 data=0 completed=0 provider=0 reply=0 level=4294967295 context=0 esr=0x0 pass=true
NXPERM: CASE id=821 granule=16384 profile=3 ap=2 parent=0 xn=0 el=0 warm=true op=2 upper=false allowed=false status=17 retired=0 fetch=1 data=1 completed=0 provider=0 reply=1 level=3 context=4 esr=0x9200000f pass=true
NXPERM: CASE id=822 granule=16384 profile=3 ap=2 parent=0 xn=0 el=0 warm=true op=3 upper=false allowed=false status=17 retired=0 fetch=1 data=1 completed=0 provider=0 reply=1 level=3 context=4 esr=0x9200004f pass=true
NXPERM: CASE id=823 granule=16384 profile=3 ap=2 parent=0 xn=0 el=1 warm=false op=1 upper=true allowed=true status=1 retired=1 fetch=1 data=0 completed=0 provider=0 reply=0 level=4294967295 context=0 esr=0x0 pass=true
NXPERM: CASE id=824 granule=16384 profile=3 ap=2 parent=0 xn=0 el=1 warm=false op=2 upper=true allowed=true status=1 retired=2 fetch=2 data=1 completed=1 provider=0 reply=0 level=4294967295 context=0 esr=0x0 pass=true
NXPERM: CASE id=825 granule=16384 profile=3 ap=2 parent=0 xn=0 el=1 warm=false op=3 upper=true allowed=false status=17 retired=0 fetch=1 data=1 completed=0 provider=0 reply=1 level=3 context=3 esr=0x9600004f pass=true
NXPERM: CASE id=826 granule=16384 profile=3 ap=2 parent=0 xn=0 el=1 warm=true op=1 upper=true allowed=true status=1 retired=1 fetch=1 data=0 completed=0 provider=0 reply=0 level=4294967295 context=0 esr=0x0 pass=true
NXPERM: CASE id=827 granule=16384 profile=3 ap=2 parent=0 xn=0 el=1 warm=true op=2 upper=true allowed=true status=1 retired=2 fetch=2 data=1 completed=1 provider=0 reply=0 level=4294967295 context=0 esr=0x0 pass=true
NXPERM: CASE id=828 granule=16384 profile=3 ap=2 parent=0 xn=0 el=1 warm=true op=3 upper=true allowed=false status=17 retired=0 fetch=1 data=1 completed=0 provider=0 reply=1 level=3 context=4 esr=0x9600004f pass=true
NXPERM: CASE id=829 granule=16384 profile=3 ap=2 parent=1 xn=0 el=0 warm=false op=1 upper=true allowed=true status=1 retired=1 fetch=1 data=0 completed=0 provider=0 reply=0 level=4294967295 context=0 esr=0x0 pass=true
NXPERM: CASE id=830 granule=16384 profile=3 ap=2 parent=1 xn=0 el=0 warm=false op=2 upper=true allowed=false status=17 retired=0 fetch=1 data=1 completed=0 provider=0 reply=1 level=3 context=3 esr=0x9200000f pass=true
NXPERM: CASE id=831 granule=16384 profile=3 ap=2 parent=1 xn=0 el=0 warm=false op=3 upper=true allowed=false status=17 retired=0 fetch=1 data=1 completed=0 provider=0 reply=1 level=3 context=3 esr=0x9200004f pass=true
NXPERM: CASE id=832 granule=16384 profile=3 ap=2 parent=1 xn=0 el=0 warm=true op=1 upper=true allowed=true status=1 retired=1 fetch=1 data=0 completed=0 provider=0 reply=0 level=4294967295 context=0 esr=0x0 pass=true
NXPERM: CASE id=833 granule=16384 profile=3 ap=2 parent=1 xn=0 el=0 warm=true op=2 upper=true allowed=false status=17 retired=0 fetch=1 data=1 completed=0 provider=0 reply=1 level=3 context=4 esr=0x9200000f pass=true
NXPERM: CASE id=834 granule=16384 profile=3 ap=2 parent=1 xn=0 el=0 warm=true op=3 upper=true allowed=false status=17 retired=0 fetch=1 data=1 completed=0 provider=0 reply=1 level=3 context=4 esr=0x9200004f pass=true
NXPERM: CASE id=835 granule=16384 profile=3 ap=2 parent=1 xn=0 el=1 warm=false op=1 upper=false allowed=true status=1 retired=1 fetch=1 data=0 completed=0 provider=0 reply=0 level=4294967295 context=0 esr=0x0 pass=true
NXPERM: CASE id=836 granule=16384 profile=3 ap=2 parent=1 xn=0 el=1 warm=false op=2 upper=false allowed=true status=1 retired=2 fetch=2 data=1 completed=1 provider=0 reply=0 level=4294967295 context=0 esr=0x0 pass=true
NXPERM: CASE id=837 granule=16384 profile=3 ap=2 parent=1 xn=0 el=1 warm=false op=3 upper=false allowed=false status=17 retired=0 fetch=1 data=1 completed=0 provider=0 reply=1 level=3 context=3 esr=0x9600004f pass=true
NXPERM: CASE id=838 granule=16384 profile=3 ap=2 parent=1 xn=0 el=1 warm=true op=1 upper=false allowed=true status=1 retired=1 fetch=1 data=0 completed=0 provider=0 reply=0 level=4294967295 context=0 esr=0x0 pass=true
NXPERM: CASE id=839 granule=16384 profile=3 ap=2 parent=1 xn=0 el=1 warm=true op=2 upper=false allowed=true status=1 retired=2 fetch=2 data=1 completed=1 provider=0 reply=0 level=4294967295 context=0 esr=0x0 pass=true
NXPERM: CASE id=840 granule=16384 profile=3 ap=2 parent=1 xn=0 el=1 warm=true op=3 upper=false allowed=false status=17 retired=0 fetch=1 data=1 completed=0 provider=0 reply=1 level=3 context=4 esr=0x9600004f pass=true
NXPERM: CASE id=841 granule=16384 profile=3 ap=2 parent=2 xn=0 el=0 warm=false op=1 upper=false allowed=true status=1 retired=1 fetch=1 data=0 completed=0 provider=0 reply=0 level=4294967295 context=0 esr=0x0 pass=true
NXPERM: CASE id=842 granule=16384 profile=3 ap=2 parent=2 xn=0 el=0 warm=false op=2 upper=false allowed=false status=17 retired=0 fetch=1 data=1 completed=0 provider=0 reply=1 level=3 context=3 esr=0x9200000f pass=true
NXPERM: CASE id=843 granule=16384 profile=3 ap=2 parent=2 xn=0 el=0 warm=false op=3 upper=false allowed=false status=17 retired=0 fetch=1 data=1 completed=0 provider=0 reply=1 level=3 context=3 esr=0x9200004f pass=true
NXPERM: CASE id=844 granule=16384 profile=3 ap=2 parent=2 xn=0 el=0 warm=true op=1 upper=false allowed=true status=1 retired=1 fetch=1 data=0 completed=0 provider=0 reply=0 level=4294967295 context=0 esr=0x0 pass=true
NXPERM: CASE id=845 granule=16384 profile=3 ap=2 parent=2 xn=0 el=0 warm=true op=2 upper=false allowed=false status=17 retired=0 fetch=1 data=1 completed=0 provider=0 reply=1 level=3 context=4 esr=0x9200000f pass=true
NXPERM: CASE id=846 granule=16384 profile=3 ap=2 parent=2 xn=0 el=0 warm=true op=3 upper=false allowed=false status=17 retired=0 fetch=1 data=1 completed=0 provider=0 reply=1 level=3 context=4 esr=0x9200004f pass=true
NXPERM: CASE id=847 granule=16384 profile=3 ap=2 parent=2 xn=0 el=1 warm=false op=1 upper=true allowed=true status=1 retired=1 fetch=1 data=0 completed=0 provider=0 reply=0 level=4294967295 context=0 esr=0x0 pass=true
NXPERM: CASE id=848 granule=16384 profile=3 ap=2 parent=2 xn=0 el=1 warm=false op=2 upper=true allowed=true status=1 retired=2 fetch=2 data=1 completed=1 provider=0 reply=0 level=4294967295 context=0 esr=0x0 pass=true
NXPERM: CASE id=849 granule=16384 profile=3 ap=2 parent=2 xn=0 el=1 warm=false op=3 upper=true allowed=false status=17 retired=0 fetch=1 data=1 completed=0 provider=0 reply=1 level=3 context=3 esr=0x9600004f pass=true
NXPERM: CASE id=850 granule=16384 profile=3 ap=2 parent=2 xn=0 el=1 warm=true op=1 upper=true allowed=true status=1 retired=1 fetch=1 data=0 completed=0 provider=0 reply=0 level=4294967295 context=0 esr=0x0 pass=true
NXPERM: CASE id=851 granule=16384 profile=3 ap=2 parent=2 xn=0 el=1 warm=true op=2 upper=true allowed=true status=1 retired=2 fetch=2 data=1 completed=1 provider=0 reply=0 level=4294967295 context=0 esr=0x0 pass=true
NXPERM: CASE id=852 granule=16384 profile=3 ap=2 parent=2 xn=0 el=1 warm=true op=3 upper=true allowed=false status=17 retired=0 fetch=1 data=1 completed=0 provider=0 reply=1 level=3 context=4 esr=0x9600004f pass=true
NXPERM: CASE id=853 granule=16384 profile=3 ap=2 parent=3 xn=0 el=0 warm=false op=1 upper=true allowed=true status=1 retired=1 fetch=1 data=0 completed=0 provider=0 reply=0 level=4294967295 context=0 esr=0x0 pass=true
NXPERM: CASE id=854 granule=16384 profile=3 ap=2 parent=3 xn=0 el=0 warm=false op=2 upper=true allowed=false status=17 retired=0 fetch=1 data=1 completed=0 provider=0 reply=1 level=3 context=3 esr=0x9200000f pass=true
NXPERM: CASE id=855 granule=16384 profile=3 ap=2 parent=3 xn=0 el=0 warm=false op=3 upper=true allowed=false status=17 retired=0 fetch=1 data=1 completed=0 provider=0 reply=1 level=3 context=3 esr=0x9200004f pass=true
NXPERM: CASE id=856 granule=16384 profile=3 ap=2 parent=3 xn=0 el=0 warm=true op=1 upper=true allowed=true status=1 retired=1 fetch=1 data=0 completed=0 provider=0 reply=0 level=4294967295 context=0 esr=0x0 pass=true
NXPERM: CASE id=857 granule=16384 profile=3 ap=2 parent=3 xn=0 el=0 warm=true op=2 upper=true allowed=false status=17 retired=0 fetch=1 data=1 completed=0 provider=0 reply=1 level=3 context=4 esr=0x9200000f pass=true
NXPERM: CASE id=858 granule=16384 profile=3 ap=2 parent=3 xn=0 el=0 warm=true op=3 upper=true allowed=false status=17 retired=0 fetch=1 data=1 completed=0 provider=0 reply=1 level=3 context=4 esr=0x9200004f pass=true
NXPERM: CASE id=859 granule=16384 profile=3 ap=2 parent=3 xn=0 el=1 warm=false op=1 upper=false allowed=true status=1 retired=1 fetch=1 data=0 completed=0 provider=0 reply=0 level=4294967295 context=0 esr=0x0 pass=true
NXPERM: CASE id=860 granule=16384 profile=3 ap=2 parent=3 xn=0 el=1 warm=false op=2 upper=false allowed=true status=1 retired=2 fetch=2 data=1 completed=1 provider=0 reply=0 level=4294967295 context=0 esr=0x0 pass=true
NXPERM: CASE id=861 granule=16384 profile=3 ap=2 parent=3 xn=0 el=1 warm=false op=3 upper=false allowed=false status=17 retired=0 fetch=1 data=1 completed=0 provider=0 reply=1 level=3 context=3 esr=0x9600004f pass=true
NXPERM: CASE id=862 granule=16384 profile=3 ap=2 parent=3 xn=0 el=1 warm=true op=1 upper=false allowed=true status=1 retired=1 fetch=1 data=0 completed=0 provider=0 reply=0 level=4294967295 context=0 esr=0x0 pass=true
NXPERM: CASE id=863 granule=16384 profile=3 ap=2 parent=3 xn=0 el=1 warm=true op=2 upper=false allowed=true status=1 retired=2 fetch=2 data=1 completed=1 provider=0 reply=0 level=4294967295 context=0 esr=0x0 pass=true
NXPERM: CASE id=864 granule=16384 profile=3 ap=2 parent=3 xn=0 el=1 warm=true op=3 upper=false allowed=false status=17 retired=0 fetch=1 data=1 completed=0 provider=0 reply=1 level=3 context=4 esr=0x9600004f pass=true
NXPERM: CASE id=865 granule=16384 profile=3 ap=3 parent=0 xn=0 el=0 warm=false op=1 upper=true allowed=true status=1 retired=1 fetch=1 data=0 completed=0 provider=0 reply=0 level=4294967295 context=0 esr=0x0 pass=true
NXPERM: CASE id=866 granule=16384 profile=3 ap=3 parent=0 xn=0 el=0 warm=false op=2 upper=true allowed=true status=1 retired=2 fetch=2 data=1 completed=1 provider=0 reply=0 level=4294967295 context=0 esr=0x0 pass=true
NXPERM: CASE id=867 granule=16384 profile=3 ap=3 parent=0 xn=0 el=0 warm=false op=3 upper=true allowed=false status=17 retired=0 fetch=1 data=1 completed=0 provider=0 reply=1 level=3 context=3 esr=0x9200004f pass=true
NXPERM: CASE id=868 granule=16384 profile=3 ap=3 parent=0 xn=0 el=0 warm=true op=1 upper=true allowed=true status=1 retired=1 fetch=1 data=0 completed=0 provider=0 reply=0 level=4294967295 context=0 esr=0x0 pass=true
NXPERM: CASE id=869 granule=16384 profile=3 ap=3 parent=0 xn=0 el=0 warm=true op=2 upper=true allowed=true status=1 retired=2 fetch=2 data=1 completed=1 provider=0 reply=0 level=4294967295 context=0 esr=0x0 pass=true
NXPERM: CASE id=870 granule=16384 profile=3 ap=3 parent=0 xn=0 el=0 warm=true op=3 upper=true allowed=false status=17 retired=0 fetch=1 data=1 completed=0 provider=0 reply=1 level=3 context=4 esr=0x9200004f pass=true
NXPERM: CASE id=871 granule=16384 profile=3 ap=3 parent=0 xn=0 el=1 warm=false op=1 upper=false allowed=true status=1 retired=1 fetch=1 data=0 completed=0 provider=0 reply=0 level=4294967295 context=0 esr=0x0 pass=true
NXPERM: CASE id=872 granule=16384 profile=3 ap=3 parent=0 xn=0 el=1 warm=false op=2 upper=false allowed=true status=1 retired=2 fetch=2 data=1 completed=1 provider=0 reply=0 level=4294967295 context=0 esr=0x0 pass=true
NXPERM: CASE id=873 granule=16384 profile=3 ap=3 parent=0 xn=0 el=1 warm=false op=3 upper=false allowed=false status=17 retired=0 fetch=1 data=1 completed=0 provider=0 reply=1 level=3 context=3 esr=0x9600004f pass=true
NXPERM: CASE id=874 granule=16384 profile=3 ap=3 parent=0 xn=0 el=1 warm=true op=1 upper=false allowed=true status=1 retired=1 fetch=1 data=0 completed=0 provider=0 reply=0 level=4294967295 context=0 esr=0x0 pass=true
NXPERM: CASE id=875 granule=16384 profile=3 ap=3 parent=0 xn=0 el=1 warm=true op=2 upper=false allowed=true status=1 retired=2 fetch=2 data=1 completed=1 provider=0 reply=0 level=4294967295 context=0 esr=0x0 pass=true
NXPERM: CASE id=876 granule=16384 profile=3 ap=3 parent=0 xn=0 el=1 warm=true op=3 upper=false allowed=false status=17 retired=0 fetch=1 data=1 completed=0 provider=0 reply=1 level=3 context=4 esr=0x9600004f pass=true
NXPERM: CASE id=877 granule=16384 profile=3 ap=3 parent=1 xn=0 el=0 warm=false op=1 upper=false allowed=true status=1 retired=1 fetch=1 data=0 completed=0 provider=0 reply=0 level=4294967295 context=0 esr=0x0 pass=true
NXPERM: CASE id=878 granule=16384 profile=3 ap=3 parent=1 xn=0 el=0 warm=false op=2 upper=false allowed=false status=17 retired=0 fetch=1 data=1 completed=0 provider=0 reply=1 level=3 context=3 esr=0x9200000f pass=true
NXPERM: CASE id=879 granule=16384 profile=3 ap=3 parent=1 xn=0 el=0 warm=false op=3 upper=false allowed=false status=17 retired=0 fetch=1 data=1 completed=0 provider=0 reply=1 level=3 context=3 esr=0x9200004f pass=true
NXPERM: CASE id=880 granule=16384 profile=3 ap=3 parent=1 xn=0 el=0 warm=true op=1 upper=false allowed=true status=1 retired=1 fetch=1 data=0 completed=0 provider=0 reply=0 level=4294967295 context=0 esr=0x0 pass=true
NXPERM: CASE id=881 granule=16384 profile=3 ap=3 parent=1 xn=0 el=0 warm=true op=2 upper=false allowed=false status=17 retired=0 fetch=1 data=1 completed=0 provider=0 reply=1 level=3 context=4 esr=0x9200000f pass=true
NXPERM: CASE id=882 granule=16384 profile=3 ap=3 parent=1 xn=0 el=0 warm=true op=3 upper=false allowed=false status=17 retired=0 fetch=1 data=1 completed=0 provider=0 reply=1 level=3 context=4 esr=0x9200004f pass=true
NXPERM: CASE id=883 granule=16384 profile=3 ap=3 parent=1 xn=0 el=1 warm=false op=1 upper=true allowed=true status=1 retired=1 fetch=1 data=0 completed=0 provider=0 reply=0 level=4294967295 context=0 esr=0x0 pass=true
NXPERM: CASE id=884 granule=16384 profile=3 ap=3 parent=1 xn=0 el=1 warm=false op=2 upper=true allowed=true status=1 retired=2 fetch=2 data=1 completed=1 provider=0 reply=0 level=4294967295 context=0 esr=0x0 pass=true
NXPERM: CASE id=885 granule=16384 profile=3 ap=3 parent=1 xn=0 el=1 warm=false op=3 upper=true allowed=false status=17 retired=0 fetch=1 data=1 completed=0 provider=0 reply=1 level=3 context=3 esr=0x9600004f pass=true
NXPERM: CASE id=886 granule=16384 profile=3 ap=3 parent=1 xn=0 el=1 warm=true op=1 upper=true allowed=true status=1 retired=1 fetch=1 data=0 completed=0 provider=0 reply=0 level=4294967295 context=0 esr=0x0 pass=true
NXPERM: CASE id=887 granule=16384 profile=3 ap=3 parent=1 xn=0 el=1 warm=true op=2 upper=true allowed=true status=1 retired=2 fetch=2 data=1 completed=1 provider=0 reply=0 level=4294967295 context=0 esr=0x0 pass=true
NXPERM: CASE id=888 granule=16384 profile=3 ap=3 parent=1 xn=0 el=1 warm=true op=3 upper=true allowed=false status=17 retired=0 fetch=1 data=1 completed=0 provider=0 reply=1 level=3 context=4 esr=0x9600004f pass=true
NXPERM: CASE id=889 granule=16384 profile=3 ap=3 parent=2 xn=0 el=0 warm=false op=1 upper=true allowed=true status=1 retired=1 fetch=1 data=0 completed=0 provider=0 reply=0 level=4294967295 context=0 esr=0x0 pass=true
NXPERM: CASE id=890 granule=16384 profile=3 ap=3 parent=2 xn=0 el=0 warm=false op=2 upper=true allowed=true status=1 retired=2 fetch=2 data=1 completed=1 provider=0 reply=0 level=4294967295 context=0 esr=0x0 pass=true
NXPERM: CASE id=891 granule=16384 profile=3 ap=3 parent=2 xn=0 el=0 warm=false op=3 upper=true allowed=false status=17 retired=0 fetch=1 data=1 completed=0 provider=0 reply=1 level=3 context=3 esr=0x9200004f pass=true
NXPERM: CASE id=892 granule=16384 profile=3 ap=3 parent=2 xn=0 el=0 warm=true op=1 upper=true allowed=true status=1 retired=1 fetch=1 data=0 completed=0 provider=0 reply=0 level=4294967295 context=0 esr=0x0 pass=true
NXPERM: CASE id=893 granule=16384 profile=3 ap=3 parent=2 xn=0 el=0 warm=true op=2 upper=true allowed=true status=1 retired=2 fetch=2 data=1 completed=1 provider=0 reply=0 level=4294967295 context=0 esr=0x0 pass=true
NXPERM: CASE id=894 granule=16384 profile=3 ap=3 parent=2 xn=0 el=0 warm=true op=3 upper=true allowed=false status=17 retired=0 fetch=1 data=1 completed=0 provider=0 reply=1 level=3 context=4 esr=0x9200004f pass=true
NXPERM: CASE id=895 granule=16384 profile=3 ap=3 parent=2 xn=0 el=1 warm=false op=1 upper=false allowed=true status=1 retired=1 fetch=1 data=0 completed=0 provider=0 reply=0 level=4294967295 context=0 esr=0x0 pass=true
NXPERM: CASE id=896 granule=16384 profile=3 ap=3 parent=2 xn=0 el=1 warm=false op=2 upper=false allowed=true status=1 retired=2 fetch=2 data=1 completed=1 provider=0 reply=0 level=4294967295 context=0 esr=0x0 pass=true
NXPERM: CASE id=897 granule=16384 profile=3 ap=3 parent=2 xn=0 el=1 warm=false op=3 upper=false allowed=false status=17 retired=0 fetch=1 data=1 completed=0 provider=0 reply=1 level=3 context=3 esr=0x9600004f pass=true
NXPERM: CASE id=898 granule=16384 profile=3 ap=3 parent=2 xn=0 el=1 warm=true op=1 upper=false allowed=true status=1 retired=1 fetch=1 data=0 completed=0 provider=0 reply=0 level=4294967295 context=0 esr=0x0 pass=true
NXPERM: CASE id=899 granule=16384 profile=3 ap=3 parent=2 xn=0 el=1 warm=true op=2 upper=false allowed=true status=1 retired=2 fetch=2 data=1 completed=1 provider=0 reply=0 level=4294967295 context=0 esr=0x0 pass=true
NXPERM: CASE id=900 granule=16384 profile=3 ap=3 parent=2 xn=0 el=1 warm=true op=3 upper=false allowed=false status=17 retired=0 fetch=1 data=1 completed=0 provider=0 reply=1 level=3 context=4 esr=0x9600004f pass=true
NXPERM: CASE id=901 granule=16384 profile=3 ap=3 parent=3 xn=0 el=0 warm=false op=1 upper=false allowed=true status=1 retired=1 fetch=1 data=0 completed=0 provider=0 reply=0 level=4294967295 context=0 esr=0x0 pass=true
NXPERM: CASE id=902 granule=16384 profile=3 ap=3 parent=3 xn=0 el=0 warm=false op=2 upper=false allowed=false status=17 retired=0 fetch=1 data=1 completed=0 provider=0 reply=1 level=3 context=3 esr=0x9200000f pass=true
NXPERM: CASE id=903 granule=16384 profile=3 ap=3 parent=3 xn=0 el=0 warm=false op=3 upper=false allowed=false status=17 retired=0 fetch=1 data=1 completed=0 provider=0 reply=1 level=3 context=3 esr=0x9200004f pass=true
NXPERM: CASE id=904 granule=16384 profile=3 ap=3 parent=3 xn=0 el=0 warm=true op=1 upper=false allowed=true status=1 retired=1 fetch=1 data=0 completed=0 provider=0 reply=0 level=4294967295 context=0 esr=0x0 pass=true
NXPERM: CASE id=905 granule=16384 profile=3 ap=3 parent=3 xn=0 el=0 warm=true op=2 upper=false allowed=false status=17 retired=0 fetch=1 data=1 completed=0 provider=0 reply=1 level=3 context=4 esr=0x9200000f pass=true
NXPERM: CASE id=906 granule=16384 profile=3 ap=3 parent=3 xn=0 el=0 warm=true op=3 upper=false allowed=false status=17 retired=0 fetch=1 data=1 completed=0 provider=0 reply=1 level=3 context=4 esr=0x9200004f pass=true
NXPERM: CASE id=907 granule=16384 profile=3 ap=3 parent=3 xn=0 el=1 warm=false op=1 upper=true allowed=true status=1 retired=1 fetch=1 data=0 completed=0 provider=0 reply=0 level=4294967295 context=0 esr=0x0 pass=true
NXPERM: CASE id=908 granule=16384 profile=3 ap=3 parent=3 xn=0 el=1 warm=false op=2 upper=true allowed=true status=1 retired=2 fetch=2 data=1 completed=1 provider=0 reply=0 level=4294967295 context=0 esr=0x0 pass=true
NXPERM: CASE id=909 granule=16384 profile=3 ap=3 parent=3 xn=0 el=1 warm=false op=3 upper=true allowed=false status=17 retired=0 fetch=1 data=1 completed=0 provider=0 reply=1 level=3 context=3 esr=0x9600004f pass=true
NXPERM: CASE id=910 granule=16384 profile=3 ap=3 parent=3 xn=0 el=1 warm=true op=1 upper=true allowed=true status=1 retired=1 fetch=1 data=0 completed=0 provider=0 reply=0 level=4294967295 context=0 esr=0x0 pass=true
NXPERM: CASE id=911 granule=16384 profile=3 ap=3 parent=3 xn=0 el=1 warm=true op=2 upper=true allowed=true status=1 retired=2 fetch=2 data=1 completed=1 provider=0 reply=0 level=4294967295 context=0 esr=0x0 pass=true
NXPERM: CASE id=912 granule=16384 profile=3 ap=3 parent=3 xn=0 el=1 warm=true op=3 upper=true allowed=false status=17 retired=0 fetch=1 data=1 completed=0 provider=0 reply=1 level=3 context=4 esr=0x9600004f pass=true
NXPERM: CASE id=913 granule=16384 profile=3 ap=1 parent=0 xn=1 el=0 warm=false op=1 upper=true allowed=true status=1 retired=1 fetch=1 data=0 completed=0 provider=0 reply=0 level=4294967295 context=0 esr=0x0 pass=true
NXPERM: CASE id=914 granule=16384 profile=3 ap=1 parent=0 xn=1 el=0 warm=false op=2 upper=true allowed=true status=1 retired=2 fetch=2 data=1 completed=1 provider=0 reply=0 level=4294967295 context=0 esr=0x0 pass=true
NXPERM: CASE id=915 granule=16384 profile=3 ap=1 parent=0 xn=1 el=0 warm=false op=3 upper=true allowed=true status=1 retired=2 fetch=2 data=1 completed=1 provider=0 reply=0 level=4294967295 context=0 esr=0x0 pass=true
NXPERM: CASE id=916 granule=16384 profile=3 ap=1 parent=0 xn=1 el=0 warm=true op=1 upper=true allowed=true status=1 retired=1 fetch=1 data=0 completed=0 provider=0 reply=0 level=4294967295 context=0 esr=0x0 pass=true
NXPERM: CASE id=917 granule=16384 profile=3 ap=1 parent=0 xn=1 el=0 warm=true op=2 upper=true allowed=true status=1 retired=2 fetch=2 data=1 completed=1 provider=0 reply=0 level=4294967295 context=0 esr=0x0 pass=true
NXPERM: CASE id=918 granule=16384 profile=3 ap=1 parent=0 xn=1 el=0 warm=true op=3 upper=true allowed=true status=1 retired=2 fetch=2 data=1 completed=1 provider=0 reply=0 level=4294967295 context=0 esr=0x0 pass=true
NXPERM: CASE id=919 granule=16384 profile=3 ap=1 parent=0 xn=1 el=1 warm=false op=1 upper=false allowed=false status=16 retired=0 fetch=1 data=0 completed=0 provider=0 reply=1 level=3 context=3 esr=0x8600000f pass=true
NXPERM: CASE id=920 granule=16384 profile=3 ap=1 parent=0 xn=1 el=1 warm=false op=2 upper=false allowed=true status=1 retired=2 fetch=2 data=1 completed=1 provider=0 reply=0 level=4294967295 context=0 esr=0x0 pass=true
NXPERM: CASE id=921 granule=16384 profile=3 ap=1 parent=0 xn=1 el=1 warm=false op=3 upper=false allowed=true status=1 retired=2 fetch=2 data=1 completed=1 provider=0 reply=0 level=4294967295 context=0 esr=0x0 pass=true
NXPERM: CASE id=922 granule=16384 profile=3 ap=1 parent=0 xn=1 el=1 warm=true op=1 upper=false allowed=false status=16 retired=0 fetch=1 data=0 completed=0 provider=0 reply=1 level=3 context=4 esr=0x8600000f pass=true
NXPERM: CASE id=923 granule=16384 profile=3 ap=1 parent=0 xn=1 el=1 warm=true op=2 upper=false allowed=true status=1 retired=2 fetch=2 data=1 completed=1 provider=0 reply=0 level=4294967295 context=0 esr=0x0 pass=true
NXPERM: CASE id=924 granule=16384 profile=3 ap=1 parent=0 xn=1 el=1 warm=true op=3 upper=false allowed=true status=1 retired=2 fetch=2 data=1 completed=1 provider=0 reply=0 level=4294967295 context=0 esr=0x0 pass=true
NXPERM: CASE id=925 granule=16384 profile=3 ap=1 parent=2 xn=1 el=0 warm=false op=1 upper=true allowed=true status=1 retired=1 fetch=1 data=0 completed=0 provider=0 reply=0 level=4294967295 context=0 esr=0x0 pass=true
NXPERM: CASE id=926 granule=16384 profile=3 ap=1 parent=2 xn=1 el=0 warm=false op=2 upper=true allowed=true status=1 retired=2 fetch=2 data=1 completed=1 provider=0 reply=0 level=4294967295 context=0 esr=0x0 pass=true
NXPERM: CASE id=927 granule=16384 profile=3 ap=1 parent=2 xn=1 el=0 warm=false op=3 upper=true allowed=false status=17 retired=0 fetch=1 data=1 completed=0 provider=0 reply=1 level=3 context=3 esr=0x9200004f pass=true
NXPERM: CASE id=928 granule=16384 profile=3 ap=1 parent=2 xn=1 el=0 warm=true op=1 upper=true allowed=true status=1 retired=1 fetch=1 data=0 completed=0 provider=0 reply=0 level=4294967295 context=0 esr=0x0 pass=true
NXPERM: CASE id=929 granule=16384 profile=3 ap=1 parent=2 xn=1 el=0 warm=true op=2 upper=true allowed=true status=1 retired=2 fetch=2 data=1 completed=1 provider=0 reply=0 level=4294967295 context=0 esr=0x0 pass=true
NXPERM: CASE id=930 granule=16384 profile=3 ap=1 parent=2 xn=1 el=0 warm=true op=3 upper=true allowed=false status=17 retired=0 fetch=1 data=1 completed=0 provider=0 reply=1 level=3 context=4 esr=0x9200004f pass=true
NXPERM: CASE id=931 granule=16384 profile=3 ap=1 parent=2 xn=1 el=1 warm=false op=1 upper=false allowed=false status=16 retired=0 fetch=1 data=0 completed=0 provider=0 reply=1 level=3 context=3 esr=0x8600000f pass=true
NXPERM: CASE id=932 granule=16384 profile=3 ap=1 parent=2 xn=1 el=1 warm=false op=2 upper=false allowed=true status=1 retired=2 fetch=2 data=1 completed=1 provider=0 reply=0 level=4294967295 context=0 esr=0x0 pass=true
NXPERM: CASE id=933 granule=16384 profile=3 ap=1 parent=2 xn=1 el=1 warm=false op=3 upper=false allowed=false status=17 retired=0 fetch=1 data=1 completed=0 provider=0 reply=1 level=3 context=3 esr=0x9600004f pass=true
NXPERM: CASE id=934 granule=16384 profile=3 ap=1 parent=2 xn=1 el=1 warm=true op=1 upper=false allowed=false status=16 retired=0 fetch=1 data=0 completed=0 provider=0 reply=1 level=3 context=4 esr=0x8600000f pass=true
NXPERM: CASE id=935 granule=16384 profile=3 ap=1 parent=2 xn=1 el=1 warm=true op=2 upper=false allowed=true status=1 retired=2 fetch=2 data=1 completed=1 provider=0 reply=0 level=4294967295 context=0 esr=0x0 pass=true
NXPERM: CASE id=936 granule=16384 profile=3 ap=1 parent=2 xn=1 el=1 warm=true op=3 upper=false allowed=false status=17 retired=0 fetch=1 data=1 completed=0 provider=0 reply=1 level=3 context=4 esr=0x9600004f pass=true
NXPERM: CASE id=937 granule=16384 profile=3 ap=1 parent=0 xn=2 el=0 warm=false op=1 upper=true allowed=false status=16 retired=0 fetch=1 data=0 completed=0 provider=0 reply=1 level=3 context=3 esr=0x8200000f pass=true
NXPERM: CASE id=938 granule=16384 profile=3 ap=1 parent=0 xn=2 el=0 warm=false op=2 upper=true allowed=true status=1 retired=2 fetch=2 data=1 completed=1 provider=0 reply=0 level=4294967295 context=0 esr=0x0 pass=true
NXPERM: CASE id=939 granule=16384 profile=3 ap=1 parent=0 xn=2 el=0 warm=false op=3 upper=true allowed=true status=1 retired=2 fetch=2 data=1 completed=1 provider=0 reply=0 level=4294967295 context=0 esr=0x0 pass=true
NXPERM: CASE id=940 granule=16384 profile=3 ap=1 parent=0 xn=2 el=0 warm=true op=1 upper=true allowed=false status=16 retired=0 fetch=1 data=0 completed=0 provider=0 reply=1 level=3 context=4 esr=0x8200000f pass=true
NXPERM: CASE id=941 granule=16384 profile=3 ap=1 parent=0 xn=2 el=0 warm=true op=2 upper=true allowed=true status=1 retired=2 fetch=2 data=1 completed=1 provider=0 reply=0 level=4294967295 context=0 esr=0x0 pass=true
NXPERM: CASE id=942 granule=16384 profile=3 ap=1 parent=0 xn=2 el=0 warm=true op=3 upper=true allowed=true status=1 retired=2 fetch=2 data=1 completed=1 provider=0 reply=0 level=4294967295 context=0 esr=0x0 pass=true
NXPERM: CASE id=943 granule=16384 profile=3 ap=1 parent=0 xn=2 el=1 warm=false op=1 upper=false allowed=false status=16 retired=0 fetch=1 data=0 completed=0 provider=0 reply=1 level=3 context=3 esr=0x8600000f pass=true
NXPERM: CASE id=944 granule=16384 profile=3 ap=1 parent=0 xn=2 el=1 warm=false op=2 upper=false allowed=true status=1 retired=2 fetch=2 data=1 completed=1 provider=0 reply=0 level=4294967295 context=0 esr=0x0 pass=true
NXPERM: CASE id=945 granule=16384 profile=3 ap=1 parent=0 xn=2 el=1 warm=false op=3 upper=false allowed=true status=1 retired=2 fetch=2 data=1 completed=1 provider=0 reply=0 level=4294967295 context=0 esr=0x0 pass=true
NXPERM: CASE id=946 granule=16384 profile=3 ap=1 parent=0 xn=2 el=1 warm=true op=1 upper=false allowed=false status=16 retired=0 fetch=1 data=0 completed=0 provider=0 reply=1 level=3 context=4 esr=0x8600000f pass=true
NXPERM: CASE id=947 granule=16384 profile=3 ap=1 parent=0 xn=2 el=1 warm=true op=2 upper=false allowed=true status=1 retired=2 fetch=2 data=1 completed=1 provider=0 reply=0 level=4294967295 context=0 esr=0x0 pass=true
NXPERM: CASE id=948 granule=16384 profile=3 ap=1 parent=0 xn=2 el=1 warm=true op=3 upper=false allowed=true status=1 retired=2 fetch=2 data=1 completed=1 provider=0 reply=0 level=4294967295 context=0 esr=0x0 pass=true
NXPERM: CASE id=949 granule=16384 profile=3 ap=1 parent=2 xn=2 el=0 warm=false op=1 upper=true allowed=false status=16 retired=0 fetch=1 data=0 completed=0 provider=0 reply=1 level=3 context=3 esr=0x8200000f pass=true
NXPERM: CASE id=950 granule=16384 profile=3 ap=1 parent=2 xn=2 el=0 warm=false op=2 upper=true allowed=true status=1 retired=2 fetch=2 data=1 completed=1 provider=0 reply=0 level=4294967295 context=0 esr=0x0 pass=true
NXPERM: CASE id=951 granule=16384 profile=3 ap=1 parent=2 xn=2 el=0 warm=false op=3 upper=true allowed=false status=17 retired=0 fetch=1 data=1 completed=0 provider=0 reply=1 level=3 context=3 esr=0x9200004f pass=true
NXPERM: CASE id=952 granule=16384 profile=3 ap=1 parent=2 xn=2 el=0 warm=true op=1 upper=true allowed=false status=16 retired=0 fetch=1 data=0 completed=0 provider=0 reply=1 level=3 context=4 esr=0x8200000f pass=true
NXPERM: CASE id=953 granule=16384 profile=3 ap=1 parent=2 xn=2 el=0 warm=true op=2 upper=true allowed=true status=1 retired=2 fetch=2 data=1 completed=1 provider=0 reply=0 level=4294967295 context=0 esr=0x0 pass=true
NXPERM: CASE id=954 granule=16384 profile=3 ap=1 parent=2 xn=2 el=0 warm=true op=3 upper=true allowed=false status=17 retired=0 fetch=1 data=1 completed=0 provider=0 reply=1 level=3 context=4 esr=0x9200004f pass=true
NXPERM: CASE id=955 granule=16384 profile=3 ap=1 parent=2 xn=2 el=1 warm=false op=1 upper=false allowed=true status=1 retired=1 fetch=1 data=0 completed=0 provider=0 reply=0 level=4294967295 context=0 esr=0x0 pass=true
NXPERM: CASE id=956 granule=16384 profile=3 ap=1 parent=2 xn=2 el=1 warm=false op=2 upper=false allowed=true status=1 retired=2 fetch=2 data=1 completed=1 provider=0 reply=0 level=4294967295 context=0 esr=0x0 pass=true
NXPERM: CASE id=957 granule=16384 profile=3 ap=1 parent=2 xn=2 el=1 warm=false op=3 upper=false allowed=false status=17 retired=0 fetch=1 data=1 completed=0 provider=0 reply=1 level=3 context=3 esr=0x9600004f pass=true
NXPERM: CASE id=958 granule=16384 profile=3 ap=1 parent=2 xn=2 el=1 warm=true op=1 upper=false allowed=true status=1 retired=1 fetch=1 data=0 completed=0 provider=0 reply=0 level=4294967295 context=0 esr=0x0 pass=true
NXPERM: CASE id=959 granule=16384 profile=3 ap=1 parent=2 xn=2 el=1 warm=true op=2 upper=false allowed=true status=1 retired=2 fetch=2 data=1 completed=1 provider=0 reply=0 level=4294967295 context=0 esr=0x0 pass=true
NXPERM: CASE id=960 granule=16384 profile=3 ap=1 parent=2 xn=2 el=1 warm=true op=3 upper=false allowed=false status=17 retired=0 fetch=1 data=1 completed=0 provider=0 reply=1 level=3 context=4 esr=0x9600004f pass=true
NXPERM: PASS cases=961 physical_boot_verified=false macos_boot_verified=false
[2J[01;01H[=3h[2J[01;01H[2J[01;01H[=3h[2J[01;01H[2J[01;01H[=3h[2J[01;01H